market,sector,symbol,symbol_name,description,link_website,one_report_link
MAI,AGRO,APO,บริษัท เอเชียนน้ำมันปาล์ม จำกัด (มหาชน),สกัดน้ำมันปาล์มดิบและจำหน่ายผลิตภัณฑ์หลัก จากการสกัดน้ำมันปาล์มดิบและผลพลอยได้ รวมถึงผลิตพลังงานไฟฟ้าจากก๊าซชีวภาพ เพื่อจำหน่ายให้กับการไฟฟ้าส่วนภูมิภาค,https://asianpalmoil.com,
MAI,AGRO,AU,บริษัท อาฟเตอร์ ยู จำกัด (มหาชน),1. ร้านขนมหวาน 2. การขายสินค้าและวัตถุดิบ 3. การขายและการจัดงานนอกสถานที่ 4. แฟรนไชส์,http://www.afteryoudessertcafe.com,https://weblink.set.or.th/dat/f56/1352ONE270320241717320923T.zip
MAI,AGRO,JCKH,บริษัท เจซีเค ฮอสพิทอลลิตี้ จำกัด (มหาชน),เกษตรและอุตสาหกรรมอาหาร,http://www.jckhgroup.com,https://weblink.set.or.th/dat/f56/1100ONE200320241307250871T.zip
MAI,AGRO,KASET,บริษัท ไทยฮา จำกัด (มหาชน),ผลิตสินค้าทางการเกษตร และเกษตรแปรรูป เช่น ข้าว วุ้นเส้น โจ๊กกึ่งสำเร็จรูป และวุ้นเส้นกึ่งสำเร็จรูป เพื่อจำหน่ายทั้งในประเทศและส่งออกต่างประเทศ,http://www.kasetbrand.co.th,https://weblink.set.or.th/dat/f56/0879ONE200320241319010037T.zip
MAI,AGRO,MUD,บริษัท มัด แอนด์ ฮาวด์ จำกัด (มหาชน),"บริษัทประกอบธุรกิจโดยการถือหุ้นในบริษัทอื่น (Holding Company) ที่ประกอบธุรกิจหลักคือ ธุรกิจร้านอาหารและเครื่องดื่ม แบ่งเป็น (1) ธุรกิจร้านอาหารและเครื่องดื่มภายใต้สิทธิแฟรนไชส์ ได้แก่ แบรนด์ Dunkin' Donuts, Au Bon Pain และ Baskin Robbins และ (2) ธุรกิจร้านอาหารและเครื่องดื่มภายใต้แบรนด์ของตัวเอง ได้แก่ แบรนด์ Greyhound Cafe, Another-hound Cafe ครัวเอ็ม และ Le Grand Vefour รวมถึงธุรกิจอื่นคือ ธุรกิจไลฟ์สไตล์ ภายใต้แบรนด์ Greyhound ทั้งนี้ มีบริษัท โกลเด้น โดนัท (ประเทศไทย) จำกัด ซึ่งประกอบธุรกิจร้านอาหารและเครื่องดื่มภายใต้สิทธิแฟรนไชส์ของแบรนด์ Dunkin' Donuts เป็นบริษัทแกน",http://www.mudman.co.th,https://weblink.set.or.th/dat/f56/1363ONE290320242224090079T.zip
MAI,AGRO,NTSC,บริษัท นิวทรีชั่น เอสซี จำกัด (มหาชน),นำเข้า ผลิต และจัดจำหน่าย วัตถุดิบ สารปรุงแต่ง และวัตถุเจือปนในอาหารคนและอาหารสัตว์,https://nutritionsc.co.th,https://weblink.set.or.th/dat/f56/1748ONE010420241654300119T.zip
MAI,AGRO,TACC,บริษัท ที.เอ.ซี. คอนซูเมอร์ จำกัด (มหาชน),"TACC ประกอบธุรกิจจัดหา ผลิต และจำหน่ายเครื่องดื่มประเภทชาและกาแฟ  และสินค้าไลฟสไตล์ โดยแบ่งกลุ่มผลิตภัณฑ์ของบริษัทได้ 2 กลุ่ม ดังนี้ 1) กลุ่มผลิตภัณฑ์ที่ร่วมพัฒนากับพันธมิตรทางธุรกิจ ได้แก่ เครื่องดื่มในโถกดในร้าน 7-Eleven, เครื่องดื่มปรุงสำเร็จชนิดผงที่จัดจำหน่ายให้กับร้าน All Cafe ในร้าน 7-Eleven และผลิตภัณฑ์ที่ร่วมพัฒนาเพื่อจำหน่ายเป็นครั้งคราวหรือตามฤดูกาล, เครื่องกดเครื่องดื่มร้อนแบบอัตโนมัติ   2) กลุ่มผลิตภัณฑ์ที่จำหน่ายภายใต้ตราสินค้าของบริษัท  ได้แก่ เครื่องดื่มปรุงสำเร็จชนิดผงตรา ""ณ อรุณ"" (Na-Arun), ธุรกิจคาแรคเตอร์ และไซรัปผลไม้ ตรา ทรีว่า (TRIVA)",http://www.tacconsumer.com,https://weblink.set.or.th/dat/f56/1296ONE270320241607460935T.zip
MAI,AGRO,TMILL,บริษัท ที เอส ฟลาวมิลล์ จำกัด (มหาชน),ผลิตและจำหน่ายแป้งสาลี ได้แก่ แป้งบะหมี่สด แป้งขนมปัง แป้งบะหมี่กึ่งสำเร็จรูป แป้งบิสกิต แป้งเอนกประสงค์ แป้งอาหารสัตว์ เป็นต้น ภายใต้ตราสินค้าของบริษัทเอง โดยเป็นการ spin off มาจาก TSTE,http://www.tmill.co.th,https://weblink.set.or.th/dat/f56/1108ONE030420241616130477T.zip
MAI,AGRO,WINNER,บริษัท วินเนอร์กรุ๊ป เอ็นเตอร์ไพรซ์ จำกัด (มหาชน),ประกอบธุรกิจหลักเป็นผู้นำเข้า ผลิต และจัดจำหน่ายวัตถุดิบ ส่วนผสม และเคมีภัณฑ์อาหารที่ใช้ในการแปรรูปอาหาร ได้แก่ วัตถุดิบและส่วนผสมที่ใช้ในการแปรรูปอาหาร (Food Ingredient) สารเติมแต่งและสารเสริมสร้างคุณสมบัติของอาหาร (Food Additive) โดยมีที่มาจากแหล่งกำเนิดสินค้าทั่วโลกและโดยการผลิตภายใต้ตราสินค้าของบริษัทฯ เอง และดำเนินธุรกิจนำเข้าและจัดจำหน่ายผลิตภัณฑ์อาหารเพื่อบริโภค ภายใต้ตราสินค้าชั้นนำระดับโลก เช่น ป๊อปคอร์นสำหรับไมโครเวฟ สาหร่ายปรุงรส พาสต้า น้ำมันมะกอก แยมผลไม้ น้ำผลไม้ ฯลฯนอกจากนี้ ยังมีบริษัทย่อยซึ่งประกอบธุรกิจ OEM ผลิตภัณฑ์ดูแลและบำรุงผิว เครื่องสำอาง อาหารเสริม สมุนไพร และผลิตภัณฑ์ในครัวเรือน,http://www.winnergroup.co.th,https://weblink.set.or.th/dat/f56/1152ONE250320241751360148T.zip
MAI,AGRO,XO,บริษัท เอ็กโซติค ฟู้ด จำกัด (มหาชน),"บริษัทฯ ประกอบธุรกิจเป็นผู้ผลิตและจำหน่าย 1. ผลิตภัณฑ์เครื่องปรุงรสอาหาร เช่น ซอสพริก น้ำจิ้มไก่ และซอสต่างๆ  2.ผลิตภัณฑ์เครื่องประกอบอาหาร เช่น กะทิและเครื่องแกงต่าง ๆ 3. ผลิตภัณฑ์อาหารสำเร็จรูปพร้อมรับประทาน เช่น ข้าวแกงเขียวหวานและก๋วยเตี๋ยวผัดไทย และ 4. ผลิตภัณฑ์อาหารสำเร็จรูปและกึ่งสำเร็จรูปต่าง ๆ เช่น สินค้าในน้ำมันและน้ำเกลือ, ผักและผลไม้กระป๋อง, ผลิตภัณฑ์จากข้าว, ของแห้งและของดองต่างๆ โดยผลิตภัณฑ์ของบริษัทถูกจัดจำหน่ายภายใต้ตราสินค้าของบริษัท เช่น EXOTIC FOOD, THAI PRIDE และ FLYING GOOSE เป็นต้น",http://www.exoticfoodthailand.com,https://weblink.set.or.th/dat/f56/1195ONE010420241806060959T.zip
MAI,CONSUMP,ALPHAX,บริษัท อัลฟ่า ดิวิชั่นส์ จำกัด (มหาชน),บริษัทมี 5 กลุ่มธุรกิจ ดังนี้ 1) ธุรกิจให้คำปรึกษาและพัฒนาอสังหาริมทรัพย์ 2) ธุรกิจให้บริการสินเชื่อเช่าซื้อรถจักรยานยนต์ รถยนต์มือสอง ทองคำ เครื่องจักรกลการเกษตร และให้บริการสินเชื่อแก่รายย่อยแบบมีหลักประกัน ในสปป.ลาว 3) ธุรกิจพลังงาน เป็นผู้ผลิต จำหน่าย เป็นตัวแทน จำหน่ายไฟฟ้าจากพลังงานแสงอาทิตย์ ลม น้ำ หรืออื่น ๆ จากธรรมชาติ 4) ธุรกิจผลิตและจัดจำหน่ายสินค้าประเภทสารตั้งต้นและสารสกัดจากพืชกัญชง และ/หรือ พืชกัญชา 5) ธุรกิจจำหน่ายน้ำมันปาล์มดิบ (CPOA) สำหรับไบโอดีเซลและน้ำมันเพื่อการบริโภค,http://www.alphadivisions.com,https://weblink.set.or.th/dat/f56/1168ONE010420241005420911T.zip
MAI,CONSUMP,BGT,บริษัท บีจีที คอร์ปอเรชั่น จำกัด (มหาชน),ธุรกิจค้าปลีกเพื่อจัดจำหน่ายผลิตภัณฑ์เสื้อผ้าสำเร็จรูป และ ผลิตภัณฑ์ที่เกี่ยวข้องภายใต้เครื่องหมายการค้า Body Glove โดยการจัดจำหน่ายผ่านร้านค้าของตนเองและทางห้างสรรพสินค้า,http://www.bodyglove.co.th,https://weblink.set.or.th/dat/f56/0962ONE290320241734150523T.zip
MAI,CONSUMP,DOD,บริษัท ดีโอดี ไบโอเทค จำกัด (มหาชน),บริษัทดำเนินธุรกิจรับจ้างผลิตผลิตภัณฑ์เสริมอาหารภายใต้ตราสินค้าของลูกค้า,http://www.dodbiotech.com,https://weblink.set.or.th/dat/f56/1428ONE010420241004040819T.zip
MAI,CONSUMP,ECF,บริษัท อีสต์โคสท์เฟอร์นิเทค จำกัด (มหาชน),บริษัทฯ เป็นผู้ผลิตและจำหน่ายเฟอร์นิเจอร์จากไม้ปาร์ติเคิลบอร์ด ไม้เอ็มดีเอฟแบบประกอบด้วยตนเอง เฟอร์นิเจอร์ไม้ยางพารา กระดาษปิดผิว ไม้ยางพาราแปรรูปอบแห้ง และให้บริการตัดแผ่นปิดขอบไม้ (พีวีซี) เพื่อใช้เป็นวัตถุดิบในการผลิตเฟอร์นิเจอร์  นอกจากนี้บริษัทฯ ยังมีหนึ่งในบริษัทย่อยที่ลงทุนด้านพลังงานทดแทน,http://www.eastcoast.co.th,https://weblink.set.or.th/dat/f56/1124ONE270320241712160401T.zip
MAI,CONSUMP,EFORL,บริษัท อี ฟอร์ แอล เอม จำกัด (มหาชน),บริษัทดำเนินธุรกิจหลักเป็นตัวแทนจำหน่ายเครื่องมือและอุปกรณ์ทางการแพทย์,http://www.eforl-aim.com,https://weblink.set.or.th/dat/f56/1001ONE220320241522280792T.zip
MAI,CONSUMP,EURO,บริษัท ยูโร ครีเอชั่นส์ จำกัด (มหาชน),บริษัทฯประกอบธุรกิจหลักเป็นตัวแทนนำเข้าและจัดจำหน่ายผลิตภัณฑ์เฟอร์นิเจอร์ ผลิตภัณฑ์สำหรับการตกแต่ง และอุปกรณ์ฟิตเนส จากแบรนด์ชั้นนำระดับลักซูรี่,http://www.eurocreations.co.th,https://weblink.set.or.th/dat/f56/1859ONE290320241728490951T.zip
MAI,CONSUMP,HPT,บริษัท โฮม พอตเทอรี่ จำกัด (มหาชน),ผู้ผลิตและจัดจำหน่ายเครื่องใช้บนโต๊ะอาหารเซรามิคระดับสากล,http://www.homepottery.com,https://weblink.set.or.th/dat/f56/1264ONE280320241033030923T.zip
MAI,CONSUMP,IP,บริษัท อินเตอร์ ฟาร์มา จำกัด (มหาชน),การพัฒนา คิดค้น และจำหน่ายผลิตภัณฑ์สุขภาพและนวัตกรรมความงามสำหรับคน และผลิตภัณฑ์สุขภาพสำหรับสัตว์เลี้ยงและปศุสัตว์,http://www.interpharma.co.th,https://weblink.set.or.th/dat/f56/1526ONE280320241852400189T.zip
MAI,CONSUMP,ITTHI,บริษัท อิทธิฤทธิ์ ไนซ์ คอร์ปอเรชั่น จำกัด (มหาชน),จัดจำหน่ายอุปกรณ์อิเล็กทรอนิกส์ซึ่งประกอบด้วย ผลิตภัณฑ์ไฟฟ้าส่องสว่าง และอุปกรณ์ประเภท IET รวมทั้งผลิตและจำหน่ายผลิตภัณฑ์แอลกอฮอล์ฆ่าเชื้อ,http://www.itthi.co.th,https://weblink.set.or.th/dat/f56/1755ONE250320242050400368T.zip
MAI,CONSUMP,JSP,บริษัท โรงงานเภสัชอุตสาหกรรม เจเอสพี (ประเทศไทย) จำกัด (มหาชน),พัฒนา ผลิตและจําหน่ายยาแผนปัจจุบัน ยาแผนโบราณ ผลิตภัณฑ์สมุนไพร ผลิตภัณฑ์เสริมอาหาร เวชภัณฑ์ และแอลกอฮอล์ทำความสะอาด ภายใต้เครื่องหมายการค้าของ ลูกค้า และเครื่องหมายการค้าของบริษัท,http://www.jsppharma.com,https://weblink.set.or.th/dat/f56/1663ONE150320241455520952T.zip
MAI,CONSUMP,JUBILE,บริษัท ยูบิลลี่ เอ็นเตอร์ไพรส์ จำกัด (มหาชน),ดำเนินธุรกิจค้าปลีกเครื่องประดับเพชรและเพชรกะรัต,http://www.jubileediamond.co.th,https://weblink.set.or.th/dat/f56/1022ONE250320241547350322T.zip
MAI,CONSUMP,LTS,บริษัท ไลท์อัพ โทเทิล โซลูชั่น จำกัด (มหาชน),จัดจำหน่ายและติดตั้งอุปกรณ์อิเล็กทรอนิกส์ซึ่งประกอบด้วย ผลิตภัณฑ์ไฟฟ้าส่องสว่าง,https://www.lightuptotal.co.th/,
MAI,CONSUMP,MGI,บริษัท มิสแกรนด์ อินเตอร์เนชั่นแนล จำกัด (มหาชน),บริษัทประกอบธุรกิจค้าส่งและค้าปลีกผลิตภัณฑ์เกี่ยวกับความงามและอาหาร และเป็นตัวแทนนายหน้าในการดำเนินการเกี่ยวกับศิลปิน,https://missgrand.com,https://weblink.set.or.th/dat/f56/1857ONE020420241456280128T.zip
MAI,CONSUMP,MOONG,บริษัท มุ่งพัฒนา อินเตอร์แนชชั่นแนล จำกัด (มหาชน),"บริษัทจัดจำหน่ายสินค้าอุปโภคบริโภค และเป็นตัวแทนจำหน่ายสินค้า โดยมีธุรกิจหลัก ได้แก่ 1) จำหน่ายสินค้าภายใต้แบรนด์ของบริษัทฯ, 2) เป็นตัวแทนจัดจำหน่ายสินค้า และ 3) ธุรกิจร่วมค้า",http://www.moongpattana.com,https://weblink.set.or.th/dat/f56/1020ONE190320241732260816T.zip
MAI,CONSUMP,NPK,บริษัท นิวพลัสนิตติ้ง จำกัด (มหาชน),ผลิตและจำหน่ายถุงน่องสตรี ถุงเท้า ชุดชั้นในสตรี และผลิตภัณฑ์อื่นที่เกี่ยวกับสินค้าดังกล่าว โดยจำหน่ายทั้งในประเทศและต่างประเทศ,https://www.newplus.co.th/,https://weblink.set.or.th/dat/f56/0127ONE210320241338480825T.zip
MAI,CONSUMP,SMD,บริษัท เซนต์เมด จำกัด (มหาชน),ตัวแทนจำหน่ายเครื่องมือแพทย์และอุปกรณ์ทางการแพทย์ โดยนำเข้าจากผู้ผลิตต่างประเทศ เพื่อจัดจำหน่ายให้แก่สถานพยาบาลในประเทศและบุคคลทั่วไป,https://www.saintmed.com,https://weblink.set.or.th/dat/f56/1642ONE170520241710580686T.zip
MAI,CONSUMP,TM,บริษัท เทคโนเมดิคัล จำกัด (มหาชน),บริษัทดำเนินธุรกิจเป็นตัวแทนจำหน่ายเครื่องมือแพทย์และอุปกรณ์ทางการแพทย์ เพื่อจำหน่ายผลิตภัณฑ์ให้กับสถานพยาบาลชั้นนำในประเทศ ทั้งโรงพยาบาลรัฐบาล โรงพยาบาลเอกชน คลีนิค และบุคคลากรทางการแพทย์ในประเทศไทย  โดยได้รับการแต่งตั้งเป็น Exclusive Distributor จากผู้ผลิตชั้นนำจากต่างประเทศทั้งหมด 59 ราย จาก หลากหลายประเทศ ได้แก่ สหรัฐอเมริกา ญี่ปุ่น สวีเดน เดนมาร์ก ออสเตรเลีย  รวมถึงประเทศไทย โดยกลุ่มผลิตภัณฑ์เครื่องมือและอุปกรณ์การแพทย์ที่บริษัทจำหน่าย แบ่งออกเป็น 2 กลุ่ม คือ (1) กลุ่มอุปกรณ์และวัสดุสิ้นเปลือง (2) กลุ่มอุปกรณ์และเครื่องมือทางการแพทย์,http://www.technomedical.co.th,https://weblink.set.or.th/dat/f56/1329ONE290320240811560264T.zip
MAI,CONSUMP,WARRIX,บริษัท วอริกซ์ สปอร์ต จำกัด (มหาชน),จำหน่ายเครื่องแต่งกาย ชุดเสื้อผ้าและอุปกรณ์การกีฬา ในประเทศและต่างประเทศ และคลินิกกายภาพบำบัด,http://www.warrix.co.th,https://weblink.set.or.th/dat/f56/1742ONE010420242223560869T.zip
MAI,CONSUMP,WINMED,บริษัท วินเนอร์ยี่ เมดิคอล จำกัด (มหาชน),บริษัทประกอบธุรกิจเป็นผู้นำเข้า และจำหน่ายเครื่อง และชุดอุปกรณ์ สำหรับการเก็บ การตรวจวิเคราะห์ วินิจฉัย และการบำบัดรักษาทางการแพทย์,http://www.winnergymedical.co.th,https://weblink.set.or.th/dat/f56/1639ONE010420242215560883T.zip
MAI,FINCIAL,ACAP,บริษัท เอเชีย แคปปิตอล กรุ๊ป จำกัด (มหาชน),ธุรกิจการให้สินเชื่อ แบ่งเป็น  สินเชื่อภาคธุรกิจ (Corporate Loan) และสินเชื่อรายย่อย (Retail Loan),http://www.acap.co.th,https://weblink.set.or.th/dat/f56/0880ONE010420241257020625T.zip
MAI,FINCIAL,AF,บริษัท ไอร่า แฟคตอริ่ง จำกัด (มหาชน),ให้บริการสินเชื่อทั้งระยะสั้นและระยะยาวสำหรับธุรกิจ เช่น สินเชื่อแฟคตอริ่ง (รับซื้อลดลูกหนี้การค้า) . สินเชื่อเพื่อการลงทุนในสินทรัพย์ถาวร และสินเชื่อเพื่อเสริมสภาพคล่องหมุนเวียนในธุรกิจ,http://www.airafactoring.co.th,https://weblink.set.or.th/dat/f56/0787ONE190320241212270357T.zip
MAI,FINCIAL,AIRA,บริษัท ไอร่า แคปปิตอล จำกัด (มหาชน),ประกอบธุรกิจประเภทโฮลดิ้ง ลงทุนในบริษัทอื่น นโยบายการลงทุนของบริษัทฯ จะลงทุนในกิจการที่เกี่ยวข้องกับธุรกิจทางด้านการเงินเป็นหลัก ทั้งในกิจการที่เป็นบริษัทจดทะเบียนและไม่ได้จดทะเบียนในตลาดหลักทรัพย์ ในสัดส่วนไม่น้อยกว่า 75 ของเงินลงทุน และนอกเหนือจากธุรกิจการเงิน บริษัทฯสามารถลงทุนในธุรกิจอื่นๆ ได้ เพื่อกระจายความเสี่ยง แต่ต้องสัดส่วนไม่เกินร้อยละ 25 ของจำนวนเงินลงทุนทั้งหมด การลงทุนของบริษัทฯ จะเป็นการลงทุนทั้งในระยะสั้นและระยะยาว โดยรับผลตอบแทนเป็นเงินปันผลและกำไรจากการจำหน่ายเงินลงทุนเมื่อได้รับผลตอบแทนในระดับที่เหมาะสม ปัจจุบัน บริษํทฯ มีบริษัทย่อย 10 บริษัท และ บริษัทร่วม 2 บริษัท,https://www.airacapital.co.th,https://weblink.set.or.th/dat/f56/1180ONE290320241752370830T.zip
MAI,FINCIAL,ASN,บริษัท เอเอสเอ็น โบรกเกอร์ จำกัด (มหาชน),บริษัทดำเนินธุรกิจเป็นนายหน้าประกันวินาศภัยซึ่งมุ่งเน้นการขายประกันภัยรถยนต์เป็นหลัก และธุรกิจสินเชื่อส่วนบุคคลภายใต้การกำกับ โดยได้ถือหุ้นร้อยละ 99.99 ในบริษัท เอเอสเอ็น ไลฟ์ โบรกเกอร์ จำกัด ซึ่งดำเนินธุรกิจเป็นนายหน้าประกันชีวิต และถือหุ้นร้อยละ 99.99 ในบริษัท ได้เงิน ดอทคอม จำกัด ซึ่งดำเนินธุรกิจให้บริการจับคู่ผู้ให้กู้ยืมเงินและผู้กู้ยืมเงิน,http://www.asnbroker.co.th,https://weblink.set.or.th/dat/f56/1316ONE130320241845490513T.zip
MAI,FINCIAL,BROOK,บริษัท บรุ๊คเคอร์ กรุ๊ป จำกัด (มหาชน),ให้บริการด้านข้อมูลหรือคำปรึกษาด้านธุรกิจและการเงิน การลงทุน รวมทั้งเป็นที่ปรึกษาอิสระให้แก่องค์กรชั้นนำของภาคเอกชนทั้งในประเทศและต่างประเทศ,http://www.brookergroup.com,https://weblink.set.or.th/dat/f56/0634ONE260320240908190648T.zip
MAI,FINCIAL,GCAP,บริษัท จี แคปปิตอล จำกัด (มหาชน),สินเชื่อเช่าซื้อ สินเชื่อเงินกู้ยืม สินเชื่อส่วนบุคคลภายใต้การกำกับ และสินเชื่อรายย่อยเพื่อการประกอบอาชีพภายใต้การกำกับ,http://www.gcapital.co.th,https://weblink.set.or.th/dat/f56/1163ONE020420240656490851T.zip
MAI,FINCIAL,KCCAMC,บริษัท บริหารสินทรัพย์ ไนท คลับ แคปปิตอล จำกัด (มหาชน),จัดหาและการบริหารจัดการสินทรัพย์ด้อยคุณภาพ รวมถึงการบริหารจัดการทรัพย์สินรอการขาย และการปรับปรุงทรัพย์สินรอการขายเพื่อจำหน่าย,http://www.kccamc.com,https://weblink.set.or.th/dat/f56/1702ONE190320241025300190T.zip
MAI,FINCIAL,LIT,บริษัท ลีซ อิท จำกัด (มหาชน),ให้บริการสินเชื่อเพื่อธุรกิจ,http://www.leaseit.co.th,https://weblink.set.or.th/dat/f56/1172ONE040320241857420642T.zip
MAI,FINCIAL,MITSIB,บริษัท มิตรสิบ ลิสซิ่ง จำกัด (มหาชน),ธุรกิจจำหน่ายและให้บริการสินเชื่่อเช่าซื้อรถแท็กซี่,http://www.mitsibleasing.com,https://weblink.set.or.th/dat/f56/1492ONE150320241756270781T.zip
MAI,FINCIAL,SGF,บริษัท เอสจีเอฟ แคปปิตอล จำกัด (มหาชน),ให้บริการสินเชื่อเช่าซื้อ สินเชื่อลีสซิ่ง สินเชื่อจำนำทะเบียน สินเชื่อที่ดิน สินเชื่อเงินให้กู้ยืม สินเชื่อส่วนบุคคล และสินเชื่อนาโนไฟแนนซ์,http://www.sgfcap.com,https://weblink.set.or.th/dat/f56/0107ONE290320240916070576T.zip
MAI,FINCIAL,TQR,บริษัท ที คิว อาร์ จำกัด (มหาชน),นายหน้าประกันภัยต่อ,https://www.tqr.co.th,https://weblink.set.or.th/dat/f56/1623ONE010420242047380038T.zip
MAI,INDUS,ADB,บริษัท แอ็พพลาย ดีบี จำกัด (มหาชน),"บริษัท แอ็พพลาย ดีบี จำกัด (มหาชน) ""ADB"" ประกอบธุรกิจผลิตเม็ดพลาสติกคอมปาวด์ จำหน่ายให้กับโรงงานอุตสาหกรรมเพื่อใช้เป็นวัตถุดิบในการผลิตสายไฟ สายเคเบิ้ล พื้นรองเท้า ขอบคิ้วเฟอร์นิเจอร์ และบริษัทย่อย บริษัท เอดีบี ซีแลนท์ จำกัด ""ADBS"" ประกอบธุรกิจผลิตและจำหน่ายผลิตภัณฑ์กาว จำหน่ายให้กับโรงงานอุตสาหกรรมรองเท้า เฟอร์นิเจอร์ งานก่อสร้างและกลุ่มยานยนต์ ภายใต้ตราสินค้าของบริษัท และรับจ้างผลิตให้กับตราสินค้าชั้นนำ และผลิตภัณฑ์ยาแนวและกาวขนาดเล็ก โดยมีรูปแบบบรรจุภัณฑ์ขนาดใหญ่สำหรับใช้ในงานอุตสาหกรรม (bulk) ชนิดหลอด (Cartridge) และบรรจุภัณฑ์ขนาดเล็กสำหรับใช้ในครัวเรือน โดยมีการจำหน่ายให้กับลูกค้าทั้งในและต่างประเทศ",http://www.adb.co.th,https://weblink.set.or.th/dat/f56/1384ONE200320241422090683T.zip
MAI,INDUS,BM,บริษัท บางกอกชีทเม็ททัล จำกัด (มหาชน),บริษัทดำเนินธุรกิจเป็นผู้ผลิตและจำหน่ายสินค้าแปรรูปผลิตภัณฑ์เหล็ก แบ่งออกเป็น 6 กลุ่มสินค้า ประกอบด้วย (1) รางและท่อร้อยสายไฟฟ้า (2) ตู้สื่อสาร ตู้ไฟฟ้า และตู้โลหะ (3) ตู้ควบคุมไฟฟ้าและโคมไฟฟ้า (4) โลหะเชื่อมประกอบ (5) แม่พิมพ์โลหะ เครื่องมือ และอุปกรณ์ และ (6) ชิ้นส่วนโลหะ,http://www.bmplc.co.th,https://weblink.set.or.th/dat/f56/1315ONE020420241120370686T.zip
MAI,INDUS,BPS,บริษัท บีพีเอส เทคโนโลยี จำกัด (มหาชน),จำหน่ายอุปกรณ์เชื่อมต่อไฟฟ้าภายในอาคาร  สินค้าเทคโนโลยีที่เกี่ยวข้อง อุปกรณ์โซลาร์เซลบริการจัดหา ออกแบบติดตั้ง โครงการผลิตไฟฟ้าพลังงานแสงอาทิตย์จากโซลาร์เซลแบบติดตั้งบนหลังคา ระบบควบคุมการจ่ายไฟฟ้า โครงข่ายไฟเบอร์ออพติกเพื่อการสื่อสาร         และผลิตภัณฑ์ที่ช่วยอำนวยความสะดวก    ภายในที่อยู่อาศัยและอาคารพาณิชย์,https://www.bpstechthai.com,
MAI,INDUS,CHO,บริษัท ช ทวี จำกัด (มหาชน),ออกแบบ สร้างสรรค์ ผลิตตัวถัง ติดตั้งระบบวิศวกรรมทางยานยนต์เพื่อการพาณิชย์  ให้บริการเทคโนโลยีระบบราง รวมทั้งผลิตและให้บริการเกี่ยวกับผลิตภัณฑ์อุตสาหกรรมในการป้องกันประเทศ  สินค้าและบริการของบริษัทฯ เช่น  รถบรรทุก  รถพ่วง รถบัส  รถลำเลียงอาหารสำหรับเครื่องบิน  รถไฟ  รถดับเพลิง     รถกู้ภัย  รถหุ้มเกราะ รถลำเลียงพล เรือรบหลวง เป็นต้น,http://www.cho.co.th,https://weblink.set.or.th/dat/f56/1130ONE010420242035120800T.zip
MAI,INDUS,CHOW,บริษัท เชาว์ สตีล อินดัสทรี้ จำกัด (มหาชน),ผลิตและจำหน่ายเหล็กแท่งยาว (Steel Billet) ให้แก่โรงรีดเหล็กภายในประเทศและต่างประเทศ เพื่อนำไปผลิตต่อด้วยการรีดเป็นผลิตภัณฑ์เหล็กทรงยาว (Long Products) ได้แก่ เหล็กเส้นกลม เหล็กข้ออ้อย และเหล็กลวด เป็นต้น โดยใช้เศษเหล็ก (Scrap) เป็นวัตถุดิบหลักในการผลิตเหล็กแท่งยาว และใช้เทคโนโลยีการหลอมเหล็กด้วยเตาหลอมเหล็กแบบเหนี่ยวนำกระแสไฟฟ้า (Electric Induction Furnace: EIF),http://www.chowsteel.com,https://weblink.set.or.th/dat/f56/1081ONE280320240912270928B.zip
MAI,INDUS,CIG,บริษัท ซี.ไอ.กรุ๊ป จำกัด (มหาชน),บริษัทฯ ประกอบธุรกิจผลิตคอยล์เย็น (Evaporator Coil) คอยล์ร้อน (Condenser Coil) และคอยล์น้ำเย็น (Chilled Water Coil) ซึ่งเป็นชิ้นส่วนหลักของอุปกรณ์ถ่ายเทความร้อน/ความเย็นทุกประเภท โดยเป็นการผลิตสินค้าตามคำสั่งของลูกค้า (Made to Order) เพื่อจำหน่ายทั้งในประเทศ และต่างประเทศ,http://www.cigpcl.com,https://weblink.set.or.th/dat/f56/0822ONE010420240903370846T.zip
MAI,INDUS,COLOR,บริษัท สาลี่ คัลเล่อร์ จำกัด (มหาชน),ผลิตและจำหน่ายเม็ดพลาสติกมาสเตอร์แบตซ์ เม็ดพลาสติกคอมพาวด์ และสีผสมพลาสติกชนิดผง,http://www.saleecolour.com,https://weblink.set.or.th/dat/f56/1064ONE290320241556510155T.zip
MAI,INDUS,CPR,บริษัท ซีพีอาร์ โกมุ อินดัสเตรียล จำกัด (มหาชน),ผลิตและจำหน่ายชิ้นส่วนยาง  และยางติดเหล็ก สำหรับใช้เป็นชิ้นส่วนประกอบรถยนต์ และรถจักรยานยนต์ โดยผลิตจากยางธรรมชาติและยางสังเคราะห์,http://www.cprgomu.co.th,https://weblink.set.or.th/dat/f56/0829ONE280320241428250657T.zip
MAI,INDUS,FPI,บริษัท ฟอร์จูน พาร์ท อินดัสตรี้ จำกัด (มหาชน),เป็นผู้ผลิตชิ้นส่วนยานยนต์ที่ผลิตจากพลาสติก และเป็นศูนย์รวมในการจำหน่าย ทั้งชิ้นส่วนอะไหล่รถยนต์ทดแทน (Replacement Equipment Manufacturer: REM) และชิ้นส่วนอะไหล่รถยนต์ภายใต้ตราสินค้าของค่ายรถยนต์ต่างๆ (Original Equipment Manufacturer: OEM) รวมทั้งให้บริการรับจ้างฉีดขึ้นรูป ชุบ และพ่นสีผลิตภัณฑ์พลาสติก,http://www.fpiautoparts.com,https://weblink.set.or.th/dat/f56/1101ONE180320241057090758T.zip
MAI,INDUS,GTB,บริษัท เจตาแบค จำกัด (มหาชน),บริษัทประกอบธุรกิจผลิต ประกอบ ซ่อมสร้าง และจัดจำหน่ายเครื่องกำเนิดไอน้ำ (Steam Boiler) และระบบเผาไหม้ (Combustion System) และเป็นผู้ให้บริการงานต่างๆ เกี่ยวกับเครื่องกำเนิดไอน้ำ ระบบเผาไหม้ และวิศวกรรมพลังงานความร้อน (Thermal Energy Engineering) อย่างครบวงจร โดยผลิตภัณฑ์ของบริษัทแบ่งเป็น 2 กลุ่มหลัก คือ (1) ผลิตภัณฑ์ที่บริษัทเป็นผู้ผลิต ประกอบด้วย เครื่องกำเนิดไอน้ำแบบท่อไฟ เครื่องกำเนิดไอน้ำจากความร้อนทิ้ง และเครื่องทำน้ำมันร้อน และ (2) ผลิตภัณฑ์ที่ใช้ลิขสิทธิ์การออกแบบจากเจ้าของเทคโนโลยี ประกอบด้วย เครื่องกำเนิดไอน้ำเชื้อเพลิงชีวมวล และเครื่องกำเนิดไอน้ำแบบท่อน้ำ,http://www.getabecboiler.com,https://weblink.set.or.th/dat/f56/1307ONE290320242152120956T.zip
MAI,INDUS,KCM,บริษัท เค.ซี.เมททอลชีท จำกัด (มหาชน),"บริษัทประกอบธุรกิจขึ้นรูปแผ่นเหล็กตามรูปแบบและขนาดตามความต้องการของลูกค้าสำหรับใช้เป็นแผ่นหลังคาและผนังเหล็ก รวมทั้งขึ้นรูปชิ้นงานเหล็กกล้าสำเร็จรูปสำหรับงานโครงสร้างหลังคาและผนัง ภายใต้เครื่องหมายการค้าจดทะเบียน ""รถถัง''(TANK) ซึ่งใช้วัตถุดิบแผ่นเหล็กเคลือบสังกะสีและอลูมิเนียมคุณภาพสูงผลิตจากเทคโนโลยีจากประเทศออสเตรเลีย และเครื่องหมายการค้า ""คอมมานโด""(Commando) ซึ่งใช้วัตถุดิบแผ่นเหล็กเคลือบสังกะสีและอลูมิเนียมคุณภาพสูงผลิตจากเทคโนโลยีจากประเทศอื่น และให้บริการงานออกแบบและติดตั้งงานโครงสร้างเหล็กกล้าสำเร็จรูปสำหรับอาคารสิ่งปลูกสร้างแบบครบวงจร และงานติดตั้งแผ่นหลังคาและผนังเหล็ก",http://www.kcmetalsheet.co.th,https://weblink.set.or.th/dat/f56/1237ONE250320241734070354T.zip
MAI,INDUS,KJL,บริษัท กิจเจริญ เอ็นจิเนียริ่ง อีเลคทริค จำกัด (มหาชน),ผลิตและจำหน่ายตู้ไฟสวิทช์บอร์ด รางเดินสายไฟ อุปกรณ์ที่ใช้เดินสายไฟทุกชนิด และชิ้นส่วนงานโลหะแผ่นแปรรูปสั่งผลิตพิเศษ,https://www.kjl.co.th,https://weblink.set.or.th/dat/f56/1733ONE290320241704170564T.zip
MAI,INDUS,KUMWEL,บริษัท คัมเวล คอร์ปอเรชั่น จำกัด (มหาชน),"ผลิตและจำหน่ายผลิตภัณฑ์สำหรับระบบต่อลงดิน, ระบบป้องกันฟ้าผ่า, ระบบป้องกันเสิร์จ:ไฟกระโชก, ระบบตรวจจับและเตือนภัยฟ้าผ่า ภายใต้ตราสินค้า ""Kumwell""",http://www.kumwell.com,https://weblink.set.or.th/dat/f56/1509ONE250320241758160324T.zip
MAI,INDUS,KWM,บริษัท เค. ดับบลิว. เม็ททัล เวิร์ค จำกัด (มหาชน),บริษัทประกอบธุรกิจผลิตและจัดจำหน่ายอุปกรณ์สำหรับใช้ในการเกษตร ได้แก่ ใบผาล โครงผาล ใบเกลียวลำเลียง และใบดันดิน,http://www.kw-metalwork.com,https://weblink.set.or.th/dat/f56/1447ONE260320241821230195T.zip
MAI,INDUS,MBAX,บริษัท มัลติแบกซ์ จำกัด (มหาชน),ผลิตและจำหน่ายผลิตภัณฑ์พลาสติกบรรจุภัณฑ์ในลักษณะผลิตตามคำสั่ง (Made to Order) ของลูกค้าเพื่อการส่งออกไปจำหน่ายในต่างประเทศ,http://www.multibax.com,https://weblink.set.or.th/dat/f56/0938ONE070320241439410196T.zip
MAI,INDUS,MGT,บริษัท เมกาเคม (ประเทศไทย) จำกัด (มหาชน),ประกอบธุรกิจบริการจัดจำหน่ายและให้คำปรึกษาเกี่ยวกับเคมีภัณฑ์แบบครบวงจร (Chemical Solution Provider),http://www.megachem.co.th,https://weblink.set.or.th/dat/f56/1364ONE250320241732500679T.zip
MAI,INDUS,MTW,บริษัท เมคทูวิน โฮลดิ้ง จำกัด (มหาชน),ผลิตและจำหน่ายเสื้อผ้าสำเร็จรูป และรถจักรยานยนต์ไฟฟ้า,http://www.maketowin.com,https://weblink.set.or.th/dat/f56/1734ONE200320240805250741T.zip
MAI,INDUS,NDR,บริษัท เอ็น.ดี.รับเบอร์ จำกัด (มหาชน),ผลิตและจำหน่ายยางนอก และยางในรถจักรยานยนต์,http://www.ndrubber.co.th,https://weblink.set.or.th/dat/f56/1242ONE130320241709470790T.zip
MAI,INDUS,PACO,บริษัท เพรสซิเด้นท์ ออโตโมบิล อินดัสทรีส์ จำกัด (มหาชน),ผลิตและจัดจำหน่ายชิ้นส่วนเครื่องปรับอากาศรถยนต์ทดแทนให้แก่ลูกค้าในประเทศและต่างประเทศ,http://www.paco.co.th,https://weblink.set.or.th/dat/f56/1635ONE130320241710120603T.zip
MAI,INDUS,PDG,บริษัท พรอดดิจิ จำกัด (มหาชน),"บริษัทฯ ประกอบธุรกิจผลิตและจำหน่ายบรรจุภัณฑ์ประเภทขวด Polyethylene Terephthalate (""ขวด PET"")  กลุ่มผลิตภัณฑ์ของบริษัทฯ สามารถแบ่งออกได้เป็น 4 กลุ่ม ตามลักษณะการนำขวด PET ไปใช้งาน ได้แก่ 1)กลุ่มบรรจุภัณฑ์ขวด PET สำหรับน้ำผลไม้บรรจุขวด 2)กลุ่มผลิตภัณฑ์ขวด PET สำหรับน้ำมันพืช 3)กลุ่มผลิตภัณฑ์ขวด PET สำหรับน้ำดื่มบรรจุขวด และ 4)กลุ่มผลิตภัณฑ์ขวด PET สำหรับน้ำปลาและเครื่องปรุงรส",http://www.prodigy.co.th,https://weblink.set.or.th/dat/f56/1188ONE220320241718390563T.zip
MAI,INDUS,PIMO,บริษัท ไพโอเนียร์ มอเตอร์ จำกัด (มหาชน),บริษัทดำเนินธุรกิจผลิตและจัดจำหน่ายมอเตอร์สำหรับเครื่องปรับอากาศ มอเตอร์กำลังสำหรับอุตสาหกรรม และเครื่องสูบน้ำ ปั๊มหอยโข่ง และมอเตอร์สำหรับสระและสปา โดยแบ่งเป็นการผลิตตามคำสั่งจ้างผลิต (OEM) และการผลิตจัดจำหน่ายภายใต้ตราสินค้า Pioneer Motor ซึ่งเป็นตราสินค้าของบริษัทเอง,http://www.pioneermotor.th.com,https://weblink.set.or.th/dat/f56/1274ONE220320240818230880T.zip
MAI,INDUS,PPM,บริษัท พรพรหมเม็ททอล จำกัด (มหาชน),จัดจำหน่ายผลิตภัณฑ์โลหะที่ใช้เป็นวัตถุดิบในการผลิตสินค้าอุตสาหกรรมและอุตสาหกรรมก่อสร้าง เช่น ทองแดง ทองเหลือง ลวดเหล็ก ลวดสเตนเลส อะลูมิเนียม ท่อทองแดง ข้อต่อ ฉนวนยาง ท่อปรับอากาศ ลวดเชื่อม อะลูิเนียมชีทสำหรับทำวัสดุมุงหลังคา และพัฒนาอสังหาริมทรัพย์เพื่อให้เช่า,http://www.ppm.co.th,https://weblink.set.or.th/dat/f56/0806ONE010420241900110887T.zip
MAI,INDUS,PRAPAT,บริษัท พีรพัฒน์ เทคโนโลยี จำกัด (มหาชน),"ผลิตและจำหน่ายน้ำยาทำความสะอาดและน้ำยาฆ่าเชื้อ ภายใต้ตราสินค้าหลัก ""PEERAPAT"" รวมทั้งเป็นผู้นำเข้าและจำหน่ายเครื่องจักรและอุปกรณ์ที่เกี่ยวข้องกับธุรกิจอุตสาหกรรมการให้บริการ (Hospitality Industry) อีกทั้งให้เช่าและให้บริการในส่วนที่เกี่ยวข้องกับกลุ่มผลิตภัณฑ์ของบริษัท",https://www.peerapat.com,https://weblink.set.or.th/dat/f56/1608ONE260320241202270412T.zip
MAI,INDUS,RWI,บริษัท ระยองไวร์ อินดัสตรีส์ จำกัด (มหาชน),เป็นผู้ผลิตและจำหน่ายผลิตภัณฑ์จากลวดเหล็กแรงดึงสูงที่มีคุณภาพ,http://www.rwi.co.th,https://weblink.set.or.th/dat/f56/1174ONE290320241553540787T.zip
MAI,INDUS,SAF,บริษัท เอส.เอ.เอฟ. สเปเชียล สตีล จำกัด (มหาชน),จำหน่ายและแปรรูปเหล็กกล้าเกรดพิเศษเพื่องานอุตสาหกรรมต่างๆ และเป็นตัวแทนจำหน่ายผลิตภัณฑ์ที่เกี่ยวเนื่องในส่วนการเลื่อยเหล็กกล้า,https://www.saf.co.th/,https://weblink.set.or.th/dat/f56/1726ONE150320242101130604T.zip
MAI,INDUS,SALEE,บริษัท สาลี่อุตสาหกรรม จำกัด (มหาชน),รับจ้างผลิตชิ้นส่วนพลาสติกโดยกระบวนการขึ้นรูปพลาสติกและฉีดพลาสติก โดยมีบริษัทย่อยดำเนินธุรกิจพิมพ์ฉลากสินค้าคุณภาพสูงและธุรกิจผลิตและจำหน่ายสินค้าพลาสติกประเภทของใช้ในครัวเรือน,http://www.saleeind.com,https://weblink.set.or.th/dat/f56/0836ONE280320242136140172T.zip
MAI,INDUS,SANKO,บริษัท ซังโกะ ไดคาซติ้ง (ประเทศไทย) จำกัด (มหาชน),"ประกอบธุรกิจผลิตชิ้นส่วนอลูมิเนียมและสังกะสีในรูปแบบที่ลูกค้ากำหนดตามคำสั่งซื้อของลูกค้า โดยกระบวนการขึ้นรูปด้วยแม่พิมพ์ฉีดหล่อความดันสูง (High-Pressure Diecasting หรือ ""HPDC"") และแบบ Gravity โดยบริษัทมีการให้บริการออกแบบและว่าจ้างบริษัทผู้ผลิตแม่พิมพ์เพื่อทำการผลิตแม่พิมพ์ให้กับลูกค้าเพื่อให้สามารถผลิตชิ้นงานตามที่ลูกค้ากำหนด",http://www.sankothai.net,https://weblink.set.or.th/dat/f56/1129ONE290320241712590287T.zip
MAI,INDUS,SCL,บริษัท เอส.ซี.แอล.มอเตอร์ พาร์ท จำกัด (มหาชน),ธุรกิจจัดจำหน่ายอะไหล่รถยนต์,https://www.sclmotorpart.com,https://weblink.set.or.th/dat/f56/1835ONE010420241504560254T.zip
MAI,INDUS,SELIC,บริษัท ซีลิค คอร์พ จำกัด (มหาชน),SELIC และบริษัทย่อย ประกอบธุรกิจผลิตและจำหน่าย รวมทั้งวิจัยและพัฒนากาวอุตสาหกรรมที่ใช้ในหลากหลายอุตสาหกรรม (Specialty and High Performance Adhesive) เพื่อจำหน่ายให้แก่ลูกค้าทั้งในและต่างประเทศ,http://seliccorp.com/,https://weblink.set.or.th/dat/f56/1333ONE280320240839530109T.zip
MAI,INDUS,SFT,บริษัท ชริ้งเฟล็กซ์ (ประเทศไทย) จำกัด (มหาชน),การประกอบธุรกิจของบริษัทแบ่งออกเป็น 2 กลุ่ม ดังนี้  1.ผลิตภัณฑ์ฉลากฟิล์มหดรัดรูป สามารถแบ่งออกเป็น 2 ประเภทตามระบบการพิมพ์ได้แก่ ระบบการพิมพ์กราเวียร์ และระบบการพิมพ์ดิจิตอล 2. บรรจุภัณฑ์อ่อน (Flexible Packaging) 3.ผลิตภัณฑ์อื่น ได้แก่ แม่พิมพ์ (Printing Cylinder) และฟิล์มยืด (Stretch Film),http://www.shrinkflexthailand.com,https://weblink.set.or.th/dat/f56/1610ONE250320240733200416T.zip
MAI,INDUS,STP,บริษัท สหไทยการพิมพ์และบรรจุภัณฑ์ จำกัด (มหาชน),รับพิมพ์บรรจุภัณฑ์กระดาษและสิ่งพิมพ์ทุกชนิด,http://sahathaiprinting.com,https://weblink.set.or.th/dat/f56/1691ONE110320241725510702T.zip
MAI,INDUS,SWC,บริษัท เชอร์วู้ด คอร์ปอเรชั่น (ประเทศไทย) จำกัด (มหาชน),บริษัทดำเนินธุรกิจผลิตและจำหน่ายเคมีเคหะภัณฑ์ที่ใช้ในบ้านเรือน อุตสาหกรรม สาธารณสุขชุมชน และเคมีเคหะภัณฑ์เพื่อการเกษตร โดยทุกผลิตภัณฑ์ที่มีสารออกฤทธิ์ที่กำหนดว่าต้องขึ้นทะเบียนจะต้องได้รับการขึ้นทะเบียนอย่างถูกต้องจากสำนักงานคณะกรรมการอาหารและยา กระทรวงสาธารณสุข หรือกรมวิชาการเกษตร กระทรวงเกษตรและสหกรณ์ หรือกระทรวงอุตสาหกรรม,http://www.sherwood.co.th,https://weblink.set.or.th/dat/f56/0801ONE010420242156170522T.zip
MAI,INDUS,TMC,บริษัท ที.เอ็ม.ซี. อุตสาหกรรม จำกัด (มหาชน),"ประกอบธุรกิจหลักเกี่ยวกับการผลิตและจำหน่ายเครื่องจักรระบบไฮดรอลิคคุณภาพสูง เช่น เครื่องเพรสไฮดรอลิค, เครนระบบไฮดรอลิค, เครื่องทุ่นแรงระบบไฮดรอลิค, นำเข้าเครื่องจักรมือสองมาปรับปรุงเพื่อจำหน่าย บริการแปรรูปโลหะ บริการซ่อมแซมดูแลรักษาเครื่องจักรระบบไฮดรอลิค เครื่องแมคคานิคเพรส และการออกแบบระบบ Automatic เพื่อใช้ในการผลิต",http://www.tmc.co.th,https://weblink.set.or.th/dat/f56/1105ONE290320241752550854T.zip
MAI,INDUS,TMI,บริษัท ธีระมงคล อุตสาหกรรม จำกัด (มหาชน),เป็นผู้ออกแบบ ผลิต และจัดจำหน่าย อุปกรณ์ไฟฟ้าส่องสว่าง อุปกรณ์ควบคุมที่เกี่ยวข้อง รวมทั้งหลอดไฟ และโคมไฟ ให้แก่ลูกค้าและเป็นผู้ผลิตไฟฟ้าจากพลังงานทดแทน,http://www.thaiballast.com,https://weblink.set.or.th/dat/f56/1033ONE290320242000310743T.zip
MAI,INDUS,TMW,บริษัท ไทยมิตซูวา จำกัด (มหาชน),รับจ้างผลิต พิมพ์สี พ่นสีและประกอบผลิตภัณฑ์ชิ้นส่วนสำหรับผลิตภัณฑ์  ได้แก่ 1.ผลิตภัณฑ์พลาสติกสำหรับเครื่องใช้ไฟฟ้าภายในสำนักงาน 2.ผลิตภัณฑ์พลาสติกสำหรับเครื่องใช้ไฟฟ้าภายในบ้าน  3. ผลิตภัณฑ์พลาสติกสำหรับรถยนต์และจักรยานยนต์ 4.ให้บริการรับซ่อมและปรับปรุงแก้ไขแม่พิมพ์ 5. ผลิตภัณฑ์ชิ้นส่วนแมกนีเซียมสำหรับกล้องถ่ายรูป,http://www.thaimitsuwa.com,https://weblink.set.or.th/dat/f56/F0740T22.zip
MAI,INDUS,TPLAS,บริษัท ไทยอุตสาหกรรมพลาสติก (1994) จำกัด (มหาชน),ผลิตและจัดจำหน่ายผลิตภัณฑ์ดังนี้1. ถุงบรรจุอาหารประเภท Polypropylene ภายใต้ตราสัญลักษณ์ ?หมากรุก?2. ถุงบรรจุอาหารและถุงหูหิ้วประเภท High Density Polyethylene ภายใต้ตราสัญลักษณ์ ?หมากรุก? 3. ฟิล์มถนอมอาหาร Polyvinyl Chloride ภายใต้ตราสัญลักษณ์ ?Vow Wrap?4. บรรจุภัณฑ์กระดาษ ภายใต้ตราสัญลักษณ์ ?BEAT BOX?,http://www.tpic.co.th,https://weblink.set.or.th/dat/f56/1445ONE060320241722030524T.zip
MAI,INDUS,TRV,บริษัท ที.อาร์.วี. รับเบอร์ โปรดักส์ จำกัด (มหาชน),ผลิตและจัดจำหน่ายชิ้นส่วนยางขึ้นรูปในยานยนต์ เครื่องใช้ไฟฟ้าและอื่นๆ,http://www.trvrubber.co.th,https://weblink.set.or.th/dat/f56/1671ONE290320241204480637T.zip
MAI,INDUS,UBIS,บริษัท ยูบิส (เอเชีย) จำกัด (มหาชน),ผลิตและจำหน่ายผลิตภัณฑ์ยางยาแนวฝากระป๋อง และแลคเกอร์เคลือบกระป๋อง เพื่อใช้ในอุตสาหกรรมการผลิตภาชนะ กระป๋องโลหะ และฝาโลหะ ในการบรรจุอาหาร เครื่องดื่ม และผลิตภัณฑ์อื่นๆ,http://www.ubisasia.com,https://weblink.set.or.th/dat/f56/0943ONE270320241758350248T.zip
MAI,INDUS,UEC,บริษัท ยูนิมิต เอนจิเนียริ่ง จำกัด (มหาชน),"ออกแบบ ประกอบ ติดตั้ง และขึ้นรูปผลิตภัณฑ์โลหะตามสัญญาที่ทำกับลูกค้า เช่น ภาชนะทนแรงดัน, ชิ้นส่วนเครื่องจักรกล, ถังที่ไม่ใช้แรงดัน, โครงสร้างเหล็ก และ การติดตั้งเครื่องจักรและอุปกรณ์",http://www.unimit.com,https://weblink.set.or.th/dat/f56/0874ONE260320241758140057B.zip
MAI,INDUS,UKEM,บริษัท ยูเนี่ยน ปิโตรเคมีคอล จำกัด (มหาชน),นำเข้าและจัดจำหน่ายเคมีภัณฑ์ โดยสินค้าประกอบด้วยสารทำละลาย (Solvents) ซึ่งเป็นสินค้าที่จำหน่ายทั่วไป (Commodity Solvent) สำหรับใช้เป็นสารทำละลายซึ่งเป็นส่วนประกอบในการผลิตสินค้าในอุตสาหกรรมต่างๆ,http://www.unionpetrochemical.com,https://weblink.set.or.th/dat/f56/0927ONE220320241928090631T.zip
MAI,INDUS,UREKA,บริษัท ยูเรกา ดีไซน์ จำกัด (มหาชน),ดำเนินธุรกิจด้านการลงทุนในธุรกิจที่มีศักยภาพในการเติบโตสูง โดยธุรกิจหลักในปัจจุบันประกอบด้วยธุรกิจผลิตน้ำและธุรกิจผลิตเม็ดพลาสติกรีไซเคิล,http://www.eurekadesign.co.th,https://weblink.set.or.th/dat/f56/1119ONE010420241615050980T.zip
MAI,INDUS,YUASA,บริษัท ยัวซ่าแบตเตอรี่ ประเทศไทย จำกัด (มหาชน),ผลิตผลิตภัณฑ์แบตเตอรี่รถยนต์ แบตเตอรี่จักรยานยนต์ เพื่อจำหน่ายภายในประเทศและส่งออกไปตลาดต่างประเทศ ทั้งยังเป็นผู้นำเข้าแบตเตอรี่อุตสาหกรรม ซึ่งใช้เป็นแหล่งพลังงานสำรองในอุตสาหกรรมต่างๆ,http://www.yuasathai.com,https://weblink.set.or.th/dat/f56/0679ONE200320241836250374T.zip
MAI,INDUS,ZIGA,บริษัท ซิก้า อินโนเวชั่น จำกัด (มหาชน),"บริษัทประกอบธุรกิจผลิตและจำหน่ายเหล็กโครงสร้างประเภท Pre-zinc ภายใต้ตราสินค้า ""ZIGA"" และท่อเหล็กร้อยสายไฟประเภท Pre-zinc ภายใต้ตราสินค้า ""DAIWA""",http://www.ziga.co.th,https://weblink.set.or.th/dat/f56/1376ONE010320241518090944T.zip
MAI,PROPCON,24CS,บริษัท ทเวนตี้ โฟร์ คอน แอนด์ ซัพพลาย จำกัด (มหาชน),จำหน่ายอุปกรณ์ระบบปรับอากาศและรับเหมาติดตั้งระบบวิศวกรรมประกอบอาคาร,http://www.24con-supply.com,https://weblink.set.or.th/dat/f56/1720ONE290320241356390932T.zip
MAI,PROPCON,A5,บริษัท แอสเซท ไฟว์ กรุ๊ป จำกัด (มหาชน),ประกอบธุรกิจลงทุนในบริษัทอื่น โดยมีนโยบายลงทุนในบริษัทที่ประกอบธุรกิจอสังหาริมทรัพย์ และธุรกิจที่เกี่ยวข้อง (Holding Company),http://www.assetfive.co.th,https://weblink.set.or.th/dat/f56/0746ONE290320242059000590T.zip
MAI,PROPCON,ALL,บริษัท ออลล์ อินสไปร์ ดีเวลลอปเม้นท์ จำกัด (มหาชน),พัฒนาอสังหาริมทรัพย์เพื่อเป็นที่พักอาศัยประเภทคอนโดมิเนียมและทาวน์โฮม ให้บริการเป็นตัวแทนและนายหน้าขายอสังหาริมทรัพย์สาหรับตลาดต่างประเทศ ลงทุนและซื้อขายอสังหาริมทรัพย์ที่สร้างแล้วเสร็จจากผู้ประกอบการอสังหาริมทรัพย์รายอื่น และให้บริการบริหารนิติบุคคลอาคารชุด,http://www.allinspire.co.th,https://weblink.set.or.th/dat/f56/F1393T22.zip
MAI,PROPCON,ARIN,บริษัท อรินสิริ แลนด์ จำกัด (มหาชน),บริษัทดำเนินธุรกิจพัฒนาอสังหาริมทรัพย์เพื่อขาย,http://www.arinsiri.com,https://weblink.set.or.th/dat/f56/1494ONE030420241115210011T.zip
MAI,PROPCON,ARROW,บริษัท แอร์โรว์ ซินดิเคท จำกัด (มหาชน),"ผลิตและจำหน่ายท่อเหล็กเคลือบสังกะสีสำหรับร้อยสายไฟและข้อต่อต่างๆ ภายใต้เครื่องหมายการค้า ""Arrowpipe"" ""Arrowtite"" และ ""Union"" และผลิตท่อน้ำประปาและข้อต่อต่างๆ จากพลาสติกโพลิโพรพิลีน ภายใต้เครื่องหมายการค้า ""ArrowPP-R"" และบริษัทย่อย (JSVT)ผลิตและจำหน่ายท่อระบายอากาศภายภายใต้เครื่องหมายการค้า ""Arrow duct"" และท่อสำหรับงานก่อสร้างที่ผลิตจากเหล็กเคลือบสังกะสี และอุปกรณ์ก่อสร้างในระบบPost tension ภายใต้เครื่องหมายการค้า ""ARROWparts"" และท่ออีพ็อกซีเรซินเสริมใยแก้วสำหรับใช้ร้อยสายไฟฟ้า และสายสื่อสารใต้ดิน ภายใต้เครื่องหมายการค้า ?ARROW RTRC? โดยลูกค้าของบริษัทและบริษัทย่อยประกอบไปด้วยกลุ่มธุรกิจก่อสร้าง และอสังหาริมทรัพย์ร้อยละ 75 และ โรงงานอุตสาหกรรมร้อยละ 25",http://www.arrowpipe.com,https://weblink.set.or.th/dat/f56/1113ONE270320241211350029T.zip
MAI,PROPCON,BC,บริษัท บูทิค คอร์ปอเรชั่น จำกัด (มหาชน),1. ธุรกิจพัฒนาโครงการอสังหาริมทรัพย์ในรูปแบบสร้าง - ดำเนินงาน - ขาย (Build-Operate-Sell: BOS) อสังหาริมทรัพย์ประเภท โรงแรม เซอร์วิสอพาร์ทเมนท์  ศูนย์การค้า และอาคารสำนักงานให้เช่า 2. ให้บริการด้านบริหารจัดการอสังหาริมทรัพย์,https://www.boutiquecorporation.com,https://weblink.set.or.th/dat/f56/1489ONE260320241117200348T.zip
MAI,PROPCON,BLESS,บริษัท เบล็ส แอสเสท กรุ๊ป จำกัด (มหาชน),พัฒนาอสังหาริมทรัพย์ประเภทที่อยู่พักอาศัยเพื่อขาย แบ่งเป็นอสังหาริมทรัพย์หลากหลายรูปแบบ ประกอบด้วย บ้านเดี่ยว บ้านแฝด ทาวน์โฮม และคอนโดมิเนียมชั้นเตี้ย (Low rise),https://www.bagroup.co.th,https://weblink.set.or.th/dat/f56/1704ONE020420240750000469T.zip
MAI,PROPCON,BSM,บริษัท บิวเดอสมาร์ท จำกัด (มหาชน),ผลิตและจำหน่ายผลิตภัณฑ์ก่อสร้างคุณภาพสูง และ ผลิตและก่อสร้างอาคารสำเร็จรูป (Smart Modular),http://www.bsmgroup.asia,https://weblink.set.or.th/dat/f56/0971ONE010420242153090149T.zip
MAI,PROPCON,BTW,บริษัท บีที เวลธ์ อินดัสตรีส์ จำกัด (มหาชน),"ประกอบธุรกิจโดยการถือหุ้นในบริษัทอื่น (Holding Company) โดยมีบริษัท เบสท์เทค แอนด์ เอ็นจิเนียริ่ง จำกัด เป็นบริษัทแกน ประกอบธุรกิจให้บริการแปรรูปผลิตภัณฑ์เหล็กและโครงสร้างเหล็ก ตามประเภทงานดังนี้1) งานแปรรูปและประกอบกลุ่มชิ้นงานขนาดใหญ่ (Modularization) เป็นการผลิตโครงสร้างเหล็กหรือระบบการผลิตของโครงการอุตสาหกรรมขนาดใหญ่ เช่น เหมืองแร่ และ ก๊าซและปิโตรเลียม2) งานแปรรูปชิ้นงานเหล็ก (Parts Fabrication) เป็นกระบวนการแปลงสภาพวัตถุดิบ เช่น เหล็กแผ่น เหล็กรูปพรรณ และท่อเหล็ก เป็นชิ้นงานโลหะตามแบบทางวิศวกรรม เช่น Piping System, Pressure Vessel and Storage Tank และ Structural Steel3) งานก่อสร้างโรงไฟฟ้าแบบครบวงจร (Power Plant EPC Contractor)  เป็นผู้รับเหมาหลักของโครงการ ในการออกแบบทางวิศวกรรม จัดหาเครื่องจักรอุปกรณ์ ก่อสร้างและบริหารโครงการ จนกระทั่งโรงไฟฟ้าสามารถดำเนินการเชิงพาณิชย์ได้ ให้แก่ลูกค้าผู้ประกอบการโรงไฟฟ้าต่างๆ โดยเฉพาะโรงไฟฟ้าพลังงานหมุนเวียน",http://www.btwealthindustries.com,https://weblink.set.or.th/dat/f56/1323ONE210320241203220528T.zip
MAI,PROPCON,CAZ,บริษัท ซี เอ แซด (ประเทศไทย) จำกัด (มหาชน),บริษัทประกอบธุรกิจรับเหมาก่อสร้างให้ลูกค้าในอุตสาหกรรมน้ำมัน ก๊าซ และปิโตรเคมี แบ่งออกเป็น 4 ประเภท ดังนี้1. บริการรับเหมาก่อสร้างแบบครบวงจร2. บริการรับเหมาก่อสร้างติดตั้งโครงสร้างและระบบ3. บริการงานด้านวิศวกรรมโยธาและอาคาร4. บริการผลิต ประกอบ และบริการอื่น,http://www.caz.co.th,https://weblink.set.or.th/dat/f56/1470ONE010420242012470423T.zip
MAI,PROPCON,CHEWA,บริษัท ชีวาทัย จำกัด (มหาชน),บริษัทและบริษัทย่อยมีการประกอบธุรกิจหลัก ได้แก่ ธุรกิจพัฒนาอสังหาริมทรัพย์เพื่อที่อยู่อาศัย,http://www.chewathai.com,https://weblink.set.or.th/dat/f56/1299ONE290220241626190856T.zip
MAI,PROPCON,CPANEL,บริษัท ซีแพนเนล จำกัด (มหาชน),ผู้ผลิตและจำหน่ายแผ่นพื้นและผนังคอนกรีตสำเร็จรูป และส่วนประกอบอาคารที่ผลิตจากคอนกรีตสำเร็จรูป,https://www.cpanel.co.th,https://weblink.set.or.th/dat/f56/1660ONE010420242031220511T.zip
MAI,PROPCON,CRD,บริษัท เชียงใหม่ริมดอย จำกัด (มหาชน),บริษัทประกอบธุรกิจรับเหมาก่อสร้างอาคาร สิ่งปลูกสร้างทั่วไป และงานระบบสาธารณูปโภค,http://www.cmrd.co.th,https://weblink.set.or.th/dat/f56/1385ONE280320241529520097T.zip
MAI,PROPCON,DHOUSE,บริษัท ดีเฮ้าส์พัฒนา จำกัด (มหาชน),ประกอบธุรกิจพัฒนาอสังหาริมทรัพย์ประเภทที่อยู่อาศัยเพื่อขาย,http://www.dhousepattana.com,https://weblink.set.or.th/dat/f56/1605ONE010420242044430535T.zip
MAI,PROPCON,DIMET,บริษัท ไดเมท (สยาม) จำกัด (มหาชน),บริษัทดำเนินธุรกิจผลิตและจำหน่ายผลิตภัณฑ์สีคุณภาพสูงสำหรับใช้ทาในงานอุตสาหกรรมและงานโครงเหล็กที่ใช้ในงานก่อสร้างต่างๆ อาทิ โรงงานอุตสาหกรรมปิโตรเคมี โรงกลั่นน้ำมัน โรงผลิตไฟฟ้า แท่นขุดเจาะน้ำมันและก๊าซในอ่าวไทย เพื่อป้องกันสนิมเหล็ก รวมไปถึงสีทาอาคาร สีเคลือบไม้ สีทาเฟอร์นิเจอร์ และสีอุตสาหกรรม เช่น สีพ่นถังก๊าซ เป็นต้น รวมถึงเป็นผู้ให้บริการไฟฟ้าทางเลือกอย่างยั่งยืนในอนาคต,http://www.dimetsiam.com,https://weblink.set.or.th/dat/f56/0966ONE210320241831160348T.zip
MAI,PROPCON,DPAINT,บริษัท สีเดลต้า จำกัด (มหาชน),ผลิตและจำหน่ายผลิตภัณฑ์สีทาอาคาร,http://www.deltapaint.co.th,https://weblink.set.or.th/dat/f56/1657ONE010420241507370042T.zip
MAI,PROPCON,FLOYD,บริษัท ฟลอยด์ จำกัด (มหาชน),บริษัทดำเนินธุรกิจให้บริการรับเหมาติดตั้งงานระบบไฟฟ้า ระบบสื่อสาร ระบบสุขาภิบาลและระบบป้องกันอัคคีภัย และระบบปรับอากาศ โดยเริ่มตั้งแต่จัดหาวัสดุอุปกรณ์ ให้คำปรึกษา ออกแบบ วางระบบ และติดตั้งอุปกรณ์ภายในอาคาร,http://www.floyd.co.th,https://weblink.set.or.th/dat/f56/1386ONE290320241802400246T.zip
MAI,PROPCON,HYDRO,บริษัท ไฮโดรเท็ค จำกัด (มหาชน),รับก่อสร้างและรับบริหารจัดการงานวิศวกรรมสิ่งแวดล้อม ได้แก่ 1. ระบบผลิตน้ำ ได้แก่ ระบบผลิตน้ำประปา ระบบผลิตน้ำบริสุทธิ์ หรือผลิตน้ำปราศจากแร่ธาตุ ระบบผลิตน้ำจืดจากน้ำทะเล ระบบผลิตน้ำแบบเคลื่อนย้าย 2. ระบบบำบัดน้ำเสีย ได้แก่ ระบบบำบัดน้ำเสียเพื่อนำกลับมาใช้ใหม่ ระบบบำบัดน้ำเสียเพื่อให้ได้มาตรฐาน 3. ระบบกำจัดขยะ 4. การแปรรูปวัสดุเหลือใช้ให้เป็นพลังงานทดแทน,http://www.hydrotek.co.th,https://weblink.set.or.th/dat/f56/1080ONE010420241930250949T.zip
MAI,PROPCON,IND,บริษัท อินเด็กซ์ อินเตอร์เนชั่นแนล กรุ๊ป จำกัด (มหาชน),ให้บริการงานวิศวกรรมออกแบบพร้อมก่อสร้างและวิศวกรรมที่ปรึกษาแบบครบวงจร ทั้งด้านงานสำรวจ ศึกษาความเหมาะสมและวางแผนแม่บท งานออกแบบเบื้องต้นและออกแบบรายละเอียด งานบริหารโครงการและงานควบคุมการก่อสร้าง และงานออกแบบพร้อมก่อสร้าง,http://www.index.co.th,https://weblink.set.or.th/dat/f56/1615ONE250320242210400364T.zip
MAI,PROPCON,JAK,บริษัท จักรไพศาล เอสเตท จำกัด (มหาชน),พัฒนาอสังหาริมทรัพย์เพื่อขาย,http://www.jakpaisanestate.com,https://weblink.set.or.th/dat/f56/1614ONE270320240853020018T.zip
MAI,PROPCON,K,บริษัท คิงส์เมน ซี.เอ็ม.ที.ไอ. จำกัด (มหาชน),บริษัทประกอบธุรกิจออกแบบและตกแต่งงานอย่างครบวงจร 4 ประเภท คือ  ธุรกิจงานตกแต่งภายใน ธุรกิจงานแสดงสินค้าและนิทรรศการ  ธุรกิจงานพิพิธภัณฑ์และสวนสนุกแนวคิด และธุรกิจการตลาดเพื่อสร้างประสบการณ์,http://www.kingsmen-cmti.com,https://weblink.set.or.th/dat/f56/1297ONE260320241556390675T.zip
MAI,PROPCON,KUN,บริษัท วิลล่า คุณาลัย จำกัด (มหาชน),พัฒนาอสังหาริมทรัพย์เพื่อขาย,http://www.kunalai.co.th,https://weblink.set.or.th/dat/f56/1525ONE250320240919230426T.zip
MAI,PROPCON,META,บริษัท เมตะ คอร์ปอเรชั่น จำกัด (มหาชน),1. ธุรกิจโรงงานไฟฟ้าพลังงานทดแทน2. ธุรกิจรับเหมาและติดตั้งระบบวิศวกรรมประกอบอาคาร3. ธุรกิจที่ปรึกษาด้านการพัฒนาธุรกิจและการเงิน,http://www.metacorporation.co.th,https://weblink.set.or.th/dat/f56/1056ONE290320241612280249T.zip
MAI,PROPCON,PANEL,บริษัท เพเนเล่ส์มาติก โซลูชั่นส์ จำกัด (มหาชน),ผลิต นำเข้า และจัดจำหน่าย ผนังบานเลื่อนกันเสียง วัสดุกันเสียงสำหรับงานสถาปัตยกรรม รวมทั้งระบบประตูอัตโนมัติ และวัสดุสำหรับโรงพยาบาลและสาธารณสุข และให้บริการอื่นๆ ที่เกี่ยวข้องแบบครบวงจร,http://www.panelesmatic.com,https://weblink.set.or.th/dat/f56/1860ONE010420241157130316T.zip
MAI,PROPCON,PPS,บริษัท โปรเจค แพลนนิ่ง เซอร์วิส จำกัด (มหาชน),"เป็นบริษัทวิศวกรที่ปรึกษาให้บริการทางด้านบริหารและควบคุมการก่อสร้างงานแขนงต่าง ๆ ได้แก่ งานก่อสร้างอาคาร  งานก่อสร้างระบบสาธารณูปโภคพื้นฐานต่าง ๆ งานโยธา งานโครงสร้าง งานสถาปัตยกรรม งานระบบต่าง ๆ (ระบบไฟฟ้า, สื่อสาร, เครื่องกล, ระบบประปาสุขาภิบาล และป้องกันอัคคีภัย) งานภูมิสถาปัตย์ งานตกแต่งภายใน รวมถึงงานก่อสร้างที่ต้องอาศัยความชำนาญเฉพาะด้าน  มีกลุ่มลูกค้าเป้าหมายทั้งที่เป็นโครงการก่อสร้างของภาครัฐและภาคเอกชน",http://www.pps.co.th,https://weblink.set.or.th/dat/f56/1103ONE220320241442530806T.zip
MAI,PROPCON,PRI,บริษัท พรีโม เซอร์วิส โซลูชั่น จำกัด (มหาชน),ประกอบธุรกิจโดยการถือหุ้นในบริษัทอื่น (Holding Company) ที่ประกอบธุรกิจให้บริการที่เกี่ยวเนื่องกับอสังหาริมทรัพย์แก่กลุ่มลูกค้าอสังหาริมทรัพย์และกลุ่มลูกค้าที่เกี่ยวเนื่องแบบครบวงจร (One Stop Service),http://www.primo.co.th,https://weblink.set.or.th/dat/f56/1736ONE010420241647070221T.zip
MAI,PROPCON,PROS,บริษัท พรอสเพอร์ เอ็นจิเนียริ่ง จำกัด (มหาชน),บริการรับเหมาติดตั้งงานระบบวิศวกรรมประกอบอาคาร,http://www.prosperengineering.co.th,https://weblink.set.or.th/dat/f56/1626ONE280320241817380169T.zip
MAI,PROPCON,PROUD,บริษัท พราว เรียล เอสเตท จำกัด (มหาชน),อสังหาริมทรัพย์,http://www.proudrealestate.co.th,https://weblink.set.or.th/dat/f56/0797ONE290320241552150588T.zip
MAI,PROPCON,PSG,บริษัท พีเอสจี คอร์ปอเรชั่น จำกัด (มหาชน),รับเหมาก่อสร้าง งานโครงการประเภท Engineering Procurement Construction (EPC) งานวิศวกรรมโยธา และงานระบบวิศวกรรม,http://www.psgcorp.co.th,https://weblink.set.or.th/dat/f56/0922ONE010420241904030985T.zip
MAI,PROPCON,QTCG,บริษัท คิวทีซีจี จำกัด (มหาชน),บริษัทประกอบธุรกิจให้บริการออกแบบ และรับเหมาติดตั้งงานระบบภายในอาคารอย่างครบวงจร,http://www.qtcg.co.th,
MAI,PROPCON,SENX,บริษัท เซ็น เอกซ์ จำกัด (มหาชน),พัฒนาอสังหาริมทรัพย์แนวราบ โดยเป็นอสังหาริมทรัพย์เชิงพาณิชย์เพื่อจำหน่าย,http://www.senxgroup.com,https://weblink.set.or.th/dat/f56/1229ONE190420241510520164T.zip
MAI,PROPCON,SK,บริษัท ศิรกร จำกัด (มหาชน),ผลิตและจำหน่ายผลิตภัณฑ์คอนกรีตอัดแรง และรับเหมาก่อสร้างโยธา สายส่งและสายจำหน่ายไฟฟ้า,http://www.sirakorn.co.th,https://weblink.set.or.th/dat/f56/1572ONE280320241505260146T.zip
MAI,PROPCON,SMART,บริษัท สมาร์ทคอนกรีต จำกัด (มหาชน),"ผลิตและจำหน่ายคอนกรีตมวลเบาระบบอบไอน้ำภายใต้ความดันสูง เพื่อใช้ในงานก่อสร้างและงานกั้นผนังภายในอาคาร ภายใต้ชื่อ ""SMART บล็อคเย็น""",http://www.smartblock.co.th,https://weblink.set.or.th/dat/f56/1199ONE050320240900400434T.zip
MAI,PROPCON,STC,บริษัท เอสทีซี คอนกรีตโปรดัคท์ จำกัด (มหาชน),"ผลิตและจำหน่ายผลิตภัณฑ์คอนกรีตสำเร็จรูป และคอนกรีตผสมเสร็จ ภายใต้เครื่องหมายการค้า ""STC"" พร้อมทั้งให้บริการอื่นๆ ที่เกี่ยวข้อง เช่น ตอกเสาเข็ม ปั๊มคอนกรีต เป็นต้น",http://www.stc.co.th/,https://weblink.set.or.th/dat/f56/1538ONE290420241427230942T.zip
MAI,PROPCON,STX,บริษัท สโตนวัน จำกัด (มหาชน),ผลิตและจำหน่ายผลิตภัณฑ์หินอุตสาหกรรมเพื่อการก่อสร้าง และแร่โดโลไมต์,https://www.stoneone.co.th,
MAI,PROPCON,SVR,บริษัท สิวารมณ์ เรียลเอสเตท จำกัด (มหาชน),พัฒนาอสังหาริมทรัพย์แนวราบเพื่อจำหน่าย ได้แก่ บ้านเดี่ยว บ้านแฝด ทาวน์เฮาส์ และอาคารพาณิชย์,http://www.sivarom.co.th,https://weblink.set.or.th/dat/f56/1746ONE280320241754450752T.zip
MAI,PROPCON,TAPAC,บริษัท ทาพาโก้ จำกัด (มหาชน),ผลิตชิ้นส่วนพลาสติกสำหรับเครื่องใช้ไฟฟ้าและอิเลคทรอนิคส์ โดยมีบริษัทย่อย ทาพาโก้ โมลด์ จำกัด ผลิตแม่พิมพ์ฉีดพลาสติก ซึ่งเป็นธุรกิจที่เกี่ยวเนื่องกัน นอกจากนี้ ได้มีการขยายการลงทุนไปในธุรกิจก่อสร้างและอสังหาริมทรัพย์ในประเทศสวีเดน นอกจากนี้ ยังได้ขยายธุรกิจไปยังธุรกิจค้าปลีกเครื่องสำอางและลงทุนในบริษัทอื่นผ่านบริษัทย่อยอีกด้วย,http://www.tapaco.com,https://weblink.set.or.th/dat/f56/0813ONE240420241522180175T.zip
MAI,PROPCON,THANA,บริษัท ธนาสิริ กรุ๊ป จำกัด (มหาชน),พัฒนาอสังหาริมทรัพย์ประเภทบ้านจัดสรรพร้อมที่ดินเพื่อขาย เน้นการพัฒนาโครงการในเขตปริมณฑล และสำหรับบริษัทย่อย เน้นการพัฒนาโครงการในส่วนภูมิภาคที่มีการเติบโตทางเศรษฐกิจอย่างต่อเนื่อง โดยบริษัทจะพัฒนาโครงการในขนาดไม่ใหญ่มากนัก,http://www.thanasiri.com,https://weblink.set.or.th/dat/f56/1025ONE010420240824070486T.zip
MAI,PROPCON,TIGER,บริษัท ไทย อิงเกอร์ โฮลดิ้ง จำกัด (มหาชน),TIGER ประกอบธุรกิจโดยการถือหุ้นในบริษัทอื่น (Holding Company) มีบริษัท ไทย อิงเกอร์ จำกัด (TEC) เป็นบริษัทแกน ซึ่งประกอบธุรกิจให้บริการรับเหมาก่อสร้างงานวิศวกรรมโยธาทุกประเภท รวมทั้งงานออกแบบวิศวกรรมและสถาปัตยกรรม,http://www.thaienger.com,https://weblink.set.or.th/dat/f56/1458ONE270320241011240084T.zip
MAI,PROPCON,TITLE,บริษัท ร่มโพธิ์ พร็อพเพอร์ตี้ จำกัด (มหาชน),"บริษัทดำเนินธุรกิจพัฒนาอสังหาริมทรัพย์เพื่อขาย ประเภทคอนโดมิเนียมในจังหวัดภูเก็ต ภายใต้แบรนด์ ""The Title""",http://www.rhombho.co.th,https://weblink.set.or.th/dat/f56/1379ONE210320241533470542T.zip
MAI,PROPCON,WELL,บริษัท เวล แมเนจเม้นท์ คอร์ปอเรชั่น จำกัด (มหาชน),รีไซเคิล จำหน่ายวัสดุก่อสร้าง วิศวกรรมบริการ และสื่อโฆษณา,http://www.staruniversalnetwork.com,https://weblink.set.or.th/dat/f56/0858ONE260320241219240393T.zip
MAI,PROPCON,YONG,บริษัท ยงคอนกรีต จำกัด (มหาชน),บริษัทประกอบธุรกิจผลิตและจำหน่ายผลิตภัณฑ์คอนกรีตสำเร็จรูป ผลิตภัณฑ์คอนกรีตผสมเสร็จ และให้บริการติดตั้งโครงสร้างสำเร็จรูป,http://www.yongconcrete.co.th,https://weblink.set.or.th/dat/f56/1711ONE120320241950230176T.zip
MAI,RESOURC,ABM,บริษัท เอเชีย ไบโอแมส จำกัด (มหาชน),จัดหาและจัดจำหน่ายเชื้อเพลิงชีวมวล 5 กลุ่มหลัก ได้แก่ 1) กะลาปาล์ม  2) ไม้สับและส่วนอื่นๆของไม้ 3) ขี้กบ ขี้เลื่อย และฝุ่นไม้  4) ชีวมวลอัดแท่ง  และ 5) สินค้าอื่น เช่น  แกลบ ใยปาล์ม ทะลายปาล์ม ซังข้าวโพด เหง้ามัน มันสำปะหลังเส้น แป้งมันสำปะหลัง เป็นต้น,http://www.asiabiomass.com,https://weblink.set.or.th/dat/f56/1418ONE290320241751410685T.zip
MAI,RESOURC,GTV,บริษัท กรีนเทค เวนเจอร์ส จำกัด (มหาชน),พัฒนาธุรกิจอสังหาริมทรัพย์ และพัฒนาธุรกิจพลังงาน,http://www.greentechventures.co.th,https://weblink.set.or.th/dat/f56/1026ONE100420241550490621T.zip
MAI,RESOURC,PSTC,บริษัท เพาเวอร์ โซลูชั่น เทคโนโลยี จำกัด (มหาชน),"ธุรกิจโรงไฟฟ้าพลังงานทดแทน, ธุรกิจจำหน่ายและขนส่งผลิตภัณฑ์ปิโตรเลียมเหลว, ธุรกิจออกแบบ จัดหาและรับเหมาก่อสร้าง และธุรกิจออกแบบ จำหน่ายและติดตั้งระบบไฟฟ้าและอุปกรณ์โครงการ",http://www.pst.co.th,https://weblink.set.or.th/dat/f56/1238ONE150520241718440183T.zip
MAI,RESOURC,PTC,บริษัท พรีเมียร์ แทงค์ คอร์ปอเรชั่น จำกัด (มหาชน),ประกอบธุรกิจคลังน้ำมันเชื้อเพลิงสำหรับรับ เก็บ ผสม และจ่ายผลิตภัณฑ์น้ำมันเชื้อเพลิง,http://www.premiertankcorp.com,https://weblink.set.or.th/dat/f56/1685ONE270320241545270952T.zip
MAI,RESOURC,SAAM,บริษัท เอสเอเอเอ็ม ดีเวลลอปเมนท์ จำกัด (มหาชน),ธุรกิจของกลุ่มบริษัทฯ สามารถจำแนกออกเป็น 6 ธุรกิจ ภายใต้ 2 กลุ่มธุรกิจ ดังต่อไปนี้ กลุ่มธุรกิจ 1 : กลุ่มธุรกิจพัฒนาโครงการโรงไฟฟ้าพลังงานหมุนเวียน ประกอบด้วย(1.1) ธุรกิจจัดหาสถานที่ตั้งและให้บริการที่เกี่ยวข้องภายในโครงการโรงไฟฟ้าพลังงานหมุนเวียน(1.2) ธุรกิจพัฒนาโครงการโรงไฟฟ้าพลังงานหมุนเวียนเพื่อจำหน่าย(1.3) ธุรกิจให้บริการพัฒนาโครงการโรงไฟฟ้าพลังงานหมุนเวียนตามความต้องการของลูกค้ากลุ่มธุรกิจ 2 : กลุ่มธุรกิจลงทุน(2.1) ธุรกิจลงทุนในโครงการโรงไฟฟ้าพลังงานหมุนเวียน(2.2) ธุรกิจลงทุนในกิจการที่เกี่ยวข้องกับพลังงาน(2.3) ธุรกิจลงทุนในกิจการที่ไม่เกี่ยวข้องกับพลังงาน,http://www.saam.co.th,https://weblink.set.or.th/dat/f56/1471ONE260320241542050189T.zip
MAI,RESOURC,SR,บริษัท สยามราช จำกัด (มหาชน),SR มีธุรกิจ 5 กลุ่มธุรกิจ แบ่งเป็นกลุ่มธุรกิจหลัก 3 กลุ่มธุรกิจ ได้แก่ 1. กลุ่มธุรกิจก่อสร้างสถานีวัดและระบบท่อส่งก๊าซธรรมชาติ 2. กลุ่มธุรกิจพลังงานทางเลือก  3. กลุ่มธุรกิจระบบปั๊มอุตสาหกรรม และกลุ่มธุรกิจบริษัทย่อย 2 กลุ่มธุรกิจ ได้แก่ 1. กลุ่มธุรกิจสถานีอัตราการไหลของของเหลว  2. กลุ่มธุรกิจอื่นๆ ได้แก่ ธุรกิจงานบริหารอาคารจอดรถ,http://www.siamrajplc.com,https://weblink.set.or.th/dat/f56/1293ONE130320240827290625T.zip
MAI,RESOURC,STOWER,บริษัท สกาย ทาวเวอร์ จำกัด (มหาชน),ประกอบธุรกิจออกแบบและผลิตเสาโครงสร้างพื้นฐานด้านไฟฟ้าและโทรคมนาคม โครงสร้างสถานีไฟฟ้าย่อย และให้เช่าเสาโทรคมนาคมในต่างประเทศ,http://www.skytower.co.th,https://weblink.set.or.th/dat/f56/1089ONE290320241334050475T.zip
MAI,RESOURC,TAKUNI,บริษัท ทาคูนิ กรุ๊ป จำกัด (มหาชน),กลุ่มบริษัททาคูนิ  ดำเนินธุรกิจค้าก๊าซปิโตรเลียมเหลว (Liquid Petroleum Gas:  LPG) และธุรกิจที่เกี่ยวเนื่องกับก๊าซปิโตรเลียมเหลว โดยแบ่งกลุ่มธุรกิจเป็น 7 กลุ่ม คือ  คือ   1. ธุรกิจจัดหา/จัดจำหน่ายก๊าซ LPG  2. ธุรกิจขนส่งทางบก  เป็นผู้ให้บริการขนส่งก๊าซ LPG 3. ธุรกิจบริการรับเหมาก่อสร้างระบบท่อก๊าซอุตสาหกรรมและน้ำมัน 4. ธุรกิจติดตั้งระบบก๊าซรถยนต์ 5. ธุรกิจบริการทดสอบและตรวจสอบด้านความปลอดภัยทางวิศวกรรม 6. ธุรกิจจำหน่าย Aerogel ฉนวนกันความร้อน กันความเย็น 7. ธุรกิจบริหารจัดการยานยนต์ไฟฟ้า,http://www.takunigroup.com,https://weblink.set.or.th/dat/f56/1194ONE010420241816500140T.zip
MAI,RESOURC,TPCH,บริษัท ทีพีซี เพาเวอร์โฮลดิ้ง จำกัด (มหาชน),ประกอบธุรกิจหลักโดยการถือหุ้นในบริษัทอื่น (Holding Company) ที่ประกอบธุรกิจผลิตและจำหน่ายไฟฟ้าจากพลังงานหมุนเวียน โดยมีบริษัท ช้างแรก ไบโอเพาเวอร์ จำกัด ซึ่งประกอบธุรกิจผลิตและจำหน่ายไฟฟ้าจากชีวมวล เป็นบริษัทแกน,http://www.tpcpower.co.th,https://weblink.set.or.th/dat/f56/1243ONE010420242018290168T.zip
MAI,RESOURC,TRT,บริษัท ถิรไทย จำกัด (มหาชน),ผลิตหม้อแปลงไฟฟ้าตามคำสั่งซื้อของลูกค้า (Engineering to Order) เพื่อจำหน่ายทั้งในประเทศและต่างประเทศ โดยสามารถผลิตได้ถึงขนาด 333 MVA 525 kV รวมถึงการให้บริการติดตั้ง ซ่อมบำรุง และทดสอบหม้อแปลงไฟฟ้า การผลิตหม้อแปลงไฟฟ้า,http://www.tirathai.co.th,https://weblink.set.or.th/dat/f56/0909ONE290320241411570280T.zip
MAI,RESOURC,UMS,บริษัท ยูนิค ไมนิ่ง เซอร์วิสเซส จำกัด (มหาชน),บริษัทนำเข้าถ่านหินคุณภาพดีหรือซื้อจากผู้นำเข้าในประเทศ ซึ่งเป็นถ่านที่มีค่าความร้อนในระดับปานกลาง และมีผลกระทบต่อสิ่งแวดล้อมน้อย เพื่อจัดจำหน่ายให้กับโรงงานอุตสาหกรรมทั้งขนาดใหญ่ ขนาดกลางและขนาดเล็ก โดยเฉพาะโรงงานอุตสาหกรรมในจังหวัดกรุงเทพและปริมณฑลรวมถึงจังหวัดใกล้เคียง,http://www.umspcl.com,https://weblink.set.or.th/dat/f56/0775ONE010420241500510192T.zip
MAI,SERVICE,ADD,บริษัท แอดเทค ฮับ จำกัด (มหาชน),ประกอบธุรกิจให้บริการดิจิทัลคอนเทนต์ และให้บริการพัฒนาระบบเทคโนโลยีสารสนเทศ,https://www.addtechhub.com,https://weblink.set.or.th/dat/f56/1641ONE220320241739230607T.zip
MAI,SERVICE,AKP,บริษัท อัคคีปราการ จำกัด (มหาชน),"ได้รับสิทธิเข้าบริหารและประกอบการศูนย์บริหาร จัดการวัสดุเหลือใช้อุตสาหกรรม (เตาเผาขยะอุตสาหกรรม) บางปู จังหวัดสมุทรปราการ (""ศูนย์ฯ"") จากกรมโรงงานอุตสาหกรรม เป็นเวลา 20 ปีนับแต่วันลงนามในสัญญา คือ วันที่ 11 กุมภาพันธ์ 2551 และสิ้นสุดสัญญาวันที่ 10 กุมภาพันธ์ 2571 และมีสิทธิขอให้ต่ออายุสัญญาได้อีก 10 ปี โดยเป็นการ spin off มาจาก BWG",http://www.akkhie.com,https://weblink.set.or.th/dat/f56/1111ONE290320241403590829T.zip
MAI,SERVICE,AMA,บริษัท อาม่า มารีน จำกัด (มหาชน),1) บริษัทให้บริการขนส่งสินค้าเหลวทางเรือระหว่างประเทศ ได้แก่ ผลิตภัณฑ์น้ำมันปาล์มและน้ำมันพืชชนิดต่างๆ ไปยังประเทศในภูมิภาคเอเชียตะวันออกเฉียงใต้ และภูมิภาคเอเชียตะวันออก2) บริษัทย่อยให้บริการขนส่งสินค้าเหลวทางรถในประเทศ ได้แก่ น้ำมันเชื้อเพลิงและไบโอดีเซล B100,http://www.amamarine.co.th,https://weblink.set.or.th/dat/f56/1351ONE290320241611430623T.zip
MAI,SERVICE,AMARC,บริษัท ศูนย์ห้องปฏิบัติการและวิจัยทางการแพทย์และการเกษตรแห่งเอเซีย จำกัด (มหาชน),ธุรกิจการให้บริการทางวิทยาศาสตร์ ด้านเกษตร อาหาร ยา และสิ่งแวดล้อม อย่างครบวงจร ครอบคลุมทั้งการตรวจวิเคราะห์ผลิตภัณฑ์ การสอบเทียบเครื่องมือ การตรวจสอบ รับรอง ตามระบบคุณภาพและมาตรฐานสากล,http://amarc.co.th/,https://weblink.set.or.th/dat/f56/1718ONE270320240859370337T.zip
MAI,SERVICE,ARIP,บริษัท เออาร์ไอพี จำกัด (มหาชน),บริษัทประกอบธุรกิจหลัก 3 กลุ่ม ดังนี้ 1)ธุรกิจสื่อและคอนเทนต์ 2)ธุรกิจการจัดงานนิทรรศการ งานแสดงสินค้า และกิจกรรมทางการตลาดครบวงจร 3)ธุรกิจบริการดิจิทัล,http://www.aripplc.com,https://weblink.set.or.th/dat/f56/1048ONE200320241207330535B.zip
MAI,SERVICE,ATP30,บริษัท เอทีพี 30 จำกัด (มหาชน),บริการ,http://www.atp30.com,https://weblink.set.or.th/dat/f56/1278ONE050420241520360123T.zip
MAI,SERVICE,AUCT,บริษัท สหการประมูล จำกัด (มหาชน),บริการจัดการประมูล,http://www.auct.co.th,https://weblink.set.or.th/dat/f56/1144ONE140320241429260920T.zip
MAI,SERVICE,BIS,บริษัท ไบโอซายน์ แอนิมัล เฮลธ์ จำกัด (มหาชน),เป็นผู้ผลิต ผู้นำเข้า และผู้จัดจำหน่ายเวชภัณฑ์ เครื่องมือ อุปกรณ์ และผลิตภัณฑ์สำหรับปศุสัตว์และสัตว์เลี้ยง,https://www.bis-group.com,https://weblink.set.or.th/dat/f56/1705ONE100420241735280914T.zip
MAI,SERVICE,BOL,บริษัท บิซิเนส ออนไลน์ จำกัด (มหาชน),บริษัท บิซิเนส ออนไลน์ จำกัด (มหาชน) เป็นผู้นำในการให้บริการข้อมูลเพื่อการตัดสินใจทางธุรกิจที่ครอบคลุมทั้งด้านโอกาสและความเสี่ยงในการทำธุรกิจ โดยให้บริการข้อมูลเชิงลึกผ่านซอฟต์แวร์และแอพพลิเคชั่นที่ทันสมัย ตลอดจนเป็นผู้ออกแบบและพัฒนาโซลูชั่นสำหรับผู้ประกอบการและสถาบันการเงิน รวมถึงเป็นที่ปรึกษาทางธุรกิจทั้งในประเทศและภูมิภาคอาเซียน,http://www.BOL.co.th,https://weblink.set.or.th/dat/f56/0771ONE130320241649130787T.zip
MAI,SERVICE,CEYE,บริษัท ตาชำนิ จำกัด (มหาชน),บริการด้านโปรดักชั่นแบบครบวงจรเพื่อให้ทุก creative production เริ่มระดมความคิดจนถึงขั้นตอนลงมือทำดำเนินไปอย่างชัดเจนและลื่นไหล เพื่อให้ได้ผลลัพธ์ที่ไร้ที่ติ ตรงเวลา และใช้งบประมาณอย่างคุ้มค่าที่สุด,https://www.chamniseye.com/,https://weblink.set.or.th/dat/f56/1694ONE290320241610530973T.zip
MAI,SERVICE,CHIC,บริษัท ชิค รีพับบลิค จำกัด (มหาชน),"เป็นศูนย์รวมจัดจำหน่ายเฟอร์นิเจอร์ สินค้าตกแต่งบ้าน ของใช้ในบ้าน ที่นอนและเครื่องนอน อย่างครบวงจร (One Stop Shopping) ในรูปแบบ Stand Alone ภายใต้ชื่อ ""ชิค รีพับบลิค (CHIC)"" และ ""รีน่า เฮย์ (Rina Hey)""",http://www.chicrepublicthai.com,https://weblink.set.or.th/dat/f56/1652ONE290320242158480201T.zip
MAI,SERVICE,CMO,บริษัท ซีเอ็มโอ จำกัด (มหาชน),รับจ้างจัดงานแสดงสาธารณะ งานนิทรรศการและงานบันเทิงต่างๆ,http://www.cmo-group.com,https://weblink.set.or.th/dat/f56/0791ONE010420242055010707T.zip
MAI,SERVICE,D,บริษัท เดนทัล คอร์ปอเรชั่น จำกัด (มหาชน),กลุ่มบริษัทประกอบธุรกิจให้บริการทางทันตกรรมแบบครบวงจร ในรูปแบบโรงพยาบาลทันตกรรม ศูนย์ทันตกรรมและคลินิกทันตกรรม  และประกอบธุรกิจจำหน่ายวัสดุและอุปกรณ์ทันตกรรม,http://www.dentalcorpthailand.com,https://weblink.set.or.th/dat/f56/1361ONE270320240945440387T.zip
MAI,SERVICE,DEXON,บริษัท เด็กซ์ซอน เทคโนโลยี จำกัด (มหาชน),ให้บริการตรวจสอบทางวิศวกรรมและสร้างนวัตกรรมทางเทคโนโลยี                          สำหรับตรวจสอบโครงสร้างและอุปกรณ์การผลิตในอุตสาหกรรมปิโตรเลียม พลังงาน และอื่น ๆ,http://www.dexon-technology.com,https://weblink.set.or.th/dat/f56/1760ONE290320241450180010T.zip
MAI,SERVICE,DV8,บริษัท ดีวี8 จำกัด (มหาชน),เป็นผู้จัดหา ผลิต และ/หรือร่วมผลิตสื่อโฆษณา ณ จุดขาย / การจัดงานอีเว้นท์ / การผลิตผ่านสื่อออนไลน์,http://www.dv8.co.th,https://weblink.set.or.th/dat/f56/0052ONE010420240955510288T.zip
MAI,SERVICE,ETE,บริษัท บูรพา เทคนิคอล เอ็นจิเนียริ่ง จำกัด (มหาชน),บริษัทประกอบธุรกิจบริการบริหารจัดการ ธุรกิจบริการงานวิศวกรรม ธุรกิจผลิตไฟฟ้าจากพลังงานทดแทน ได้แก่ จากพลังงานแสงอาทิตย์ และพลังงานหมุนเวียน (ชีวมวล) รวมถึงธุรกิจจัดจำหน่ายสินคาและบริการอื่น ๆ,http://www.eastern-groups.com,https://weblink.set.or.th/dat/f56/1358ONE250320241900470632T.zip
MAI,SERVICE,FSMART,บริษัท ฟอร์ท สมาร์ท เซอร์วิส จำกัด (มหาชน),"ให้บริการเติมเงินโทรศัพท์มือถือประเภทเติมเงินล่วงหน้า (Pre-paid) และบริการชำระเงินออนไลน์ ผ่านเครื่องรับชำระเงินอัตโนมัติ (ตู้เติมเงิน)  ภายใต้เครื่องหมายการค้า ""บุญเติม""",http://www.boonterm.com,https://weblink.set.or.th/dat/f56/1201ONE010420240823250010T.zip
MAI,SERVICE,FVC,บริษัท ฟิลเตอร์ วิชั่น จำกัด (มหาชน),ประกอบธุรกิจที่เกี่ยวข้องกับระบบบำบัดน้ำ (Water Treatment System) และธุรกิจบริการทางการแพทย์ที่ให้ความสำคัญต่อสุขอนามัยเป็นพิเศษ (Hygienic) ซึ่งเกี่ยวเนื่องกับธุรกิจบริการทางการแพทย์ด้านศูนย์ไตเทียม และคลินิกเวชกรรมเพื่อสุขภาพและความงาม,http://www.filtervision.co.th,https://weblink.set.or.th/dat/f56/1155ONE290320240742140545T.zip
MAI,SERVICE,GFC,บริษัท เจเนซีส เฟอร์ทิลีตี เซ็นเตอร์ จำกัด (มหาชน),ให้บริการทางการแพทย์สำหรับผู้มีปัญหามีบุตรยากแบบครบวงจร,http://www.genesisfertilitycenter.co.th,https://weblink.set.or.th/dat/f56/1766ONE050420241638000546T.zip
MAI,SERVICE,GLORY,บริษัท รุ่งเรืองตลอดไป จำกัด (มหาชน),ประกอบธุรกิจบริการด้านนวัตกรรมและเทคโนโลยีสมัยใหม่ ซึ่งประกอบด้วย แพลตฟอร์มสื่อออนไลน์ บริการโซลูชันในด้านเทคโนโลยี สื่อสุขภาพ ความมั่นคงทางไซเบอร์ Virtualinfluencers และ AI Technology,https://www.glory.in.th,https://weblink.set.or.th/dat/f56/1665ONE010420242218350102T.zip
MAI,SERVICE,GSC,บริษัท โกลบอล เซอร์วิส เซ็นเตอร์ จำกัด (มหาชน),ธุรกิจศูนย์บริการข้อมูล และธุรกิจติดตามและทวงถามหนี้,http://www.gsc-servicecenter.com,https://weblink.set.or.th/dat/f56/1478ONE010420242224020845T.zip
MAI,SERVICE,HARN,บริษัท หาญ เอ็นจิเนียริ่ง โซลูชั่นส์ จำกัด (มหาชน),บริษัทประกอบธุรกิจนำเข้า และจัดจำหน่ายผลิตภัณฑ์ในระบบดับเพลิง ระบบปรับอากาศและสุขาภิบาล ระบบทำความเย็น ระบบการพิมพ์ดิจิทัล ให้บริการพัฒนาระบบ IoT Products and Solutions รวมทั้งให้คำปรึกษาและออกแบบระบบในโครงการต่างๆ และการให้บริการโซลูชั่นด้านวิศวกรรมครบวงจร,http://www.harn.co.th,https://weblink.set.or.th/dat/f56/1227ONE010420242130390014T.zip
MAI,SERVICE,HEALTH,บริษัท เฮลท์ เอ็มไพร์ คอร์ปอเรชั่น จำกัด (มหาชน),ดำเนินธุรกิจค้าปลีก,https://www.healthempire.co.th/,https://weblink.set.or.th/dat/f56/0804ONE010420240650310507T.zip
MAI,SERVICE,HL,บริษัท เฮลท์ลีด จำกัด (มหาชน),บริษัทประกอบธุรกิจโดยการลงทุนในบริษัทอื่น (Holding Company) โดยปัจจุบันลงทุนในธุรกิจร้านขายยา จำหน่ายยา เวชภัณฑ์ เวชสำอาง ผลิตภัณฑ์เสริมอาหาร อุปกรณ์การแพทย์ และผลิตภัณฑ์เพื่อสุขภาพต่างๆ และธุรกิจคิดค้น และพัฒนาร่วมกับทีมวิจัยภายนอก รวมทั้งว่าจ้างผู้ผลิต เพื่อจัดจำหน่ายผลิตภัณฑ์และนวัตกรรมเพื่อสุขภาพ,http://www.healthleadgroup.com,https://weblink.set.or.th/dat/f56/1677ONE010420241303190076T.zip
MAI,SERVICE,IMH,บริษัท โรงพยาบาลอินเตอร์เมดิคัล แคร์ แอนด์ แล็บ จำกัด (มหาชน),กลุ่ม โรงพยาบาล IMH ประกอบด้วย(1) โรงพยาบาล อินเตอร์เมดิคัล แคร์ แอนด์ แล็บ(2) โรงพยาบาล IMH ธนบุรี(3) โรงพยาบาล IMH สีลม(4) โรงพยาบาล IMH แบริ่ง (เปิดให้บริการ ปี 2568),http://www.imhhospital.com,https://weblink.set.or.th/dat/f56/1530ONE250320241432060460T.zip
MAI,SERVICE,JPARK,บริษัท เจนก้องไกล จำกัด (มหาชน),บริษัทดำเนินธุรกิจให้บริการที่เกี่ยวข้องกับการบริหารพื้นที่จอดรถ โดยแบ่งเป็น 3 ธุรกิจหลัก คือ (1) ธุรกิจให้บริการที่จอดรถ (2) ธุรกิจรับจ้างบริหารจัดการพื้นที่จอดรถ (3) ธุรกิจให้คำปรึกษาและรับติดตั้งระบบบริหารจัดการพื้นที่จอดรถ,http://www.jenparking.com,https://weblink.set.or.th/dat/f56/1838ONE220320242045380900T.zip
MAI,SERVICE,KGEN,บริษัท คิง เจน จำกัด (มหาชน),ประกอบธุรกิจให้บริการขนส่ง ทั้งคนและสิ่งของ รวมถึงให้บริการสถานีชาร์จรถไฟฟ้าเพื่อการพาณิชย์,http://www.kinggen.co.th,https://weblink.set.or.th/dat/f56/1021ONE290320241343170419T.zip
MAI,SERVICE,KK,บริษัท เคแอนด์เค ซุปเปอร์สโตร์ เซาท์เทิร์น จำกัด (มหาชน),"ค้าปลีกและค้าส่งสินค้าอุปโภคบริโภค ภายใต้ชื่อร้าน ""เคแอนด์เค ซุปเปอร์สโตร์""",http://www.kandksuper.com,https://weblink.set.or.th/dat/f56/1569ONE250320241723210620T.zip
MAI,SERVICE,KLINIQ,บริษัท เดอะคลีนิกค์ คลินิกเวชกรรม จำกัด (มหาชน),คลินิกเวชกรรมด้านผิวหนังความงาม ศัลยกรรมตกแต่งและการดูแลป้องกันฟื้นฟูสุขภาพ,https://www.theklinique.com,https://weblink.set.or.th/dat/f56/1730ONE030420241022220313T.zip
MAI,SERVICE,KOOL,บริษัท มาสเตอร์คูล อินเตอร์เนชั่นแนล จำกัด (มหาชน),ดำเนินธุรกิจหลักโดยการจัดหา จัดจำหน่ายและให้เช่าผลิตภัณฑ์ทำความเย็น นอกจากนี้ บริษัทฯ ยังดำเนินธุรกิจด้านการเงิน ให้สินเชื่อ บริหารสินทรัพย์ และการพัฒนาอสังหาริมทรัพย์ และธุรกิจให้บริการรถเช่าองค์กร,http://www.masterkool.com,https://weblink.set.or.th/dat/f56/1281ONE010420242153210793T.zip
MAI,SERVICE,KTMS,บริษัท เคที เมดิคอล เซอร์วิส จำกัด (มหาชน),ธุรกิจการให้บริการฟอกเลือดด้วยเครื่องไตเทียม และระบบผลิตน้ำบริสุทธิ์สำหรับการฟอกเลือดด้วยเครื่องไตเทียม รวมทั้งการขายและการให้บริการที่เกี่ยวข้องกับการแพทย์อย่างครบวงจร ด้วยคุณภาพและมาตรฐานระดับสากล,http://www.ktms.co.th,https://weblink.set.or.th/dat/f56/1738ONE270320241951490680T.zip
MAI,SERVICE,LDC,บริษัท แอลดีซี เด็นทัล จำกัด (มหาชน),"บริษัทดำเนินธุรกิจผู้ให้บริการทางทันตกรรมแบบครบวงจรโดยทันตแพทย์เฉพาะทางโดยมีอุปกรณ์เครื่องมือทางการแพทย์ที่มีมาตรฐานและระบบความปลอดภัยของผู้รับบริการเป็นสำคัญ ภายใต้แบรนด์ ""LDC"" ปัจจุบันมีสาขาเปิดดำเนินการ 26 สาขา ตั้งอยู่ในเขตกรุงเทพ ปริมณฑล และต่างจังหวัด โดยมีเป้าหมายเปิดสาขาให้ครอบคลุมทั่วประเทศ",http://www.ldcdental.com,https://weblink.set.or.th/dat/f56/1198ONE020420240724310698T.zip
MAI,SERVICE,LEO,บริษัท ลีโอ โกลบอล โลจิสติกส์ จำกัด (มหาชน),ให้บริการโลจิสติกส์อย่างครบวงจรที่ครอบคลุมทั่วโลก (End - to - End Global Logistics Services)  และให้บริการสนับสนุนการขนส่งสินค้าแบบครบวงจร (Integrated Logistics Services),http://www.leogloballogistics.com,https://weblink.set.or.th/dat/f56/1611ONE250320241700310618T.zip
MAI,SERVICE,MASTER,บริษัท มาสเตอร์ สไตล์ จำกัด (มหาชน),ประกอบกิจการสถานพยาบาลด้านความงามที่ให้บริการศัลยกรรมครบวงจร,https://www.master-plc.com/th/home,https://weblink.set.or.th/dat/f56/1743ONE010420241936000612T.zip
MAI,SERVICE,MCA,บริษัท มาร์เก็ต คอนเน็กชั่นส์ เอเชีย จำกัด (มหาชน),ผู้เชี่ยวชาญในการวางแผนกลยุทธ์ทางการตลาด พร้อมการให้บริการจัดกิจกรรมส่งเสริมทางการตลาดแบบครบวงจร โดยสามารถแบ่งบริการหลักออกเป็น 4 บริการ ดังนี้ 1) บริการจัดกิจกรรมทางการตลาดและดิจิทัล 2) บริการบรรจุและจัดส่งสินค้า 3) บริการพนักงานแนะนำสินค้า  4) บริการจัดเรียงสินค้า และ 5) บริการการจัดจำหน่ายสินค้า,http://www.marketconnectionsasia.com,https://weblink.set.or.th/dat/f56/1846ONE260320241519240157T.zip
MAI,SERVICE,MEB,บริษัท เมพ คอร์ปอเรชั่น จำกัด (มหาชน),ผู้จัดจำหน่ายหนังสืออิเล็กทรอนิกส์ (E-Book) หนังสือเสียง (Audio Book) อุปกรณ์อ่านหนังสืออิเล็กทรอนิกส์ (E-Reader) และการบริการที่เกี่ยวข้อง,http://www.meb.co.th,https://weblink.set.or.th/dat/f56/1752ONE250320241755560258T.zip
MAI,SERVICE,MORE,บริษัท มอร์ รีเทิร์น จำกัด (มหาชน),"การประกอบธุรกิจของกลุ่มบริษัท1) ส่วนง??านสาธารณูปโภค การผลิดและจำหน่ายน้ำประปา และงานวางระบบน้ำประปาเพื่อบริหารจัดการน้ำประปาบนเกาะเสม็ด และบริเวณพื้นที่โดยรอบในอำเภอปลวงแดง จังหวัดระยอง ซึ่งดำเนินการโดยบริษัทย่อยคือ บริษัท เสม็ดยูทิลิตี้ส์ จำกัด (?Samed Utilities?)บริษัท ปลวกแดง จำกัด (?PLD?)บริษัท เค วอเตอร์เวิร์ค เอ็นจิเนียริ่ง จำกัด (?KWATER?)3) ส่วนงานบริการ รับบริหารจัดการด้านบุคลากร    4) ธุรกิจด้านการพัฒนาอสังหาริมทรัพย์ ดำเนินการโดยบริษัทย่อยคือ บริษัท มอร์ พร็อพเพอร์ตี้ ดีเวลลอปเม้นท์ จำกัด (?PROP?)5) ธุรกิจด้านเอ็นเตอร์เทนเมนท์ (Entertainment) ดำเนินการโดยบริษัท มอร์ แดน เอ็นเตอร์เทน จำกัด (""MDE"") บริษัทย่อยโดยได้รับการแต่งตั้งจากบริษัท มอร์ รีเทิร์น จำกัด (มหาชน) ให้เป็นตัวแทนในการบริหารงานคอนเสิร์ต และได้จัดหาผู้ร่วมทุนเพื่อการดำเนินการจัดคอนเสิร์ต Rolling Lound ที่จัดขึ้นในเดือนเมษายน 2566",http://www.morereturn.co.th,https://weblink.set.or.th/dat/f56/1114ONE250320241758180239T.zip
MAI,SERVICE,MVP,บริษัท เอ็ม วิชั่น จำกัด (มหาชน),บริษัทประกอบธุรกิจดังนี้ 1. ธุรกิจเทคโนโลยีและการจัดงาน 2. ธุรกิจงานโฆษณาและเอเจนซี่ 3. ธุรกิจพาณิชย์และอิ่นๆ,http://www.mvisioncorp.com,https://weblink.set.or.th/dat/f56/1444ONE280320241211550349T.zip
MAI,SERVICE,NCL,บริษัท เอ็นซีแอล อินเตอร์เนชั่นแนล โลจิสติกส์ จำกัด (มหาชน),เป็นผู้ให้บริการจัดการระบบโลจิสติกส์ครบวงจร,http://www.nclthailand.com,https://weblink.set.or.th/dat/f56/1226ONE010420241810400493T.zip
MAI,SERVICE,NEWS,บริษัท นิวส์ เน็ตเวิร์ค คอร์ปอเรชั่น จำกัด (มหาชน),กลุ่มบริษัทฯ ดำเนินธุรกิจหลักเกี่ยวกับธุรกิจหลักทรัพย์ โดยในส่วนของบริษัทฯ ประกอบธุรกิจจำหน่าย ติดตั้ง และให้คำปรึกษาพัฒนาระบบเทคโนโลยีสารสนเทศครบวงจร ทั้งการวางระบบเครือข่าย และการจัดหาอุปกรณ์,http://www.newsnetwork.co.th,https://weblink.set.or.th/dat/f56/0795ONE290320242143470735T.zip
MAI,SERVICE,PEER,บริษัท เพียร์ ฟอร์ ยู จำกัด (มหาชน),บริษัทดำเนินธุรกิจให้บริการบริหารจัดการงานลูกค้าสัมพันธ์แบบเต็มรูปแบบ และให้บริการออกแบบพัฒนาและติดตั้งระบบศูนย์บริการข้อมูลแบบเบ็ดเสร็จให้แก่องค์กรภาครัฐและเอกชน และมีบริการให้เช่าอุปกรณ์ Contact Center และบริการให้เช่าซอฟต์แวร์ ทั้งซอฟต์แวร์สำเร็จรูป และซอฟต์แวร์ระบบ Contact Center ที่ปรับเปลี่ยนระบบการทำงานให้เหมาะสมกับธุรกิจขององค์กรเพื่อให้บริการลูกค้า,http://www.onetoonecontacts.com,https://weblink.set.or.th/dat/f56/1164ONE030420241017450212T.zip
MAI,SERVICE,PHOL,บริษัท ผลธัญญะ จำกัด (มหาชน),ผู้จัดจำหน่ายผลิตภัณฑ์เพื่อความปลอดภัย อาชีวอนามัย และสิ่งแวดล้อม และผู้จัดจำหน่าย และให้บริการออกแบบ ผลิต รับก่อสร้าง ให้บริการเกี่ยวกับระบบบำบัดน้ำเพื่ออุปโภค และบริโภค,http://www.pdgth.com,https://weblink.set.or.th/dat/f56/1047ONE260320242143290361T.zip
MAI,SERVICE,PICO,บริษัท ปิโก (ไทยแลนด์) จำกัด (มหาชน),การบริหารจัดการและการให้บริการในธุรกิจไมซ์ การสร้างสรรค์กิจกรรมทางการตลาดและส่งเสริมภาพลักษณ์ทางธุรกิจแบบครบวงจร การให้บริการด้านการสร้างสรรค์แหล่งสื่อสารองค์ความรู้ และการผลิตสื่อและเผยแพร่องค์ความรู้ในรูปแบบของดิจิทัลคอนเทนต์และมีเดีย,http://www.picothai.com,https://weblink.set.or.th/dat/f56/0773ONE310120242200520246T.zip
MAI,SERVICE,PLT,บริษัท พีลาทัส มารีน จำกัด (มหาชน),ธุรกิจขนส่งก๊าซปิโตรเลียมเหลว (LPG) ทางเรือและรถบรรทุก,http://www.pilatusmarine.co.th,https://weblink.set.or.th/dat/f56/1757ONE220320241500020089T.zip
MAI,SERVICE,QLT,บริษัท ควอลลีเทค จำกัด (มหาชน),ให้บริการทดสอบโดยไม่ทําลาย (Non-Destructive Testing)การตรวจสอบและรับรองคุณภาพ (Inspection and Certification)และการทดสอบคุณสมบัติทางกลและโลหะวิทยา (Mechanical andMetallurgical Testing),http://www.qualitechplc.com,https://weblink.set.or.th/dat/f56/1005ONE200320241950480795T.zip
MAI,SERVICE,RP,บริษัท ท่าเรือราชาเฟอร์รี่ จำกัด (มหาชน),บริษัทประกอบกิจการเดินเรือเฟอร์รี่เพื่อใช้โดยสารและขนส่งทางเรือจำนวน 3 เส้นทางระหว่างอำเภอดอนสัก-อำเภอเกาะสมุย จังหวัดสุราษฎร์ธานี ระหว่างอำเภอดอนสัก-อำเภอเกาะพะงัน จังหวัดสุราษฎร์ธานี และระหว่างอำเภอเกาะสมุย-เกาะพะงัน  ด้วยเรือเฟอร์รี่ที่มีในปัจจุบันจำนวน 14 ลำ รวมทั้งประกอบธุรกิจจำหน่ายอาหารและสินค้าในร้านสะดวกซื้อ ร้านกาแฟ และรถตู้โดยสารบริการต่อเนื่อง,http://www.rajaferryport.com,https://weblink.set.or.th/dat/f56/1290ONE290320240917080199T.zip
MAI,SERVICE,SE,บริษัท สยามอีสต์ โซลูชั่น จำกัด (มหาชน),บริษัทจัดหาและจำหน่ายสินค้าอุตสาหกรรมประเภทปั๊มสูบส่งน้ำและของเหลว อุปกรณ์ในกระบวนการผลิต ระบบท่อ และวัสดุสิ้นเปลืองในกระบวนการผลิตและงานซ่อมบำรุง และให้บริการงานที่เกี่ยวข้อง รวมถึงการให้บริการเคลือบพื้นผิวและตัดเย็บฉนวนหุ้ม,http://www.siameastsolutions.com,https://weblink.set.or.th/dat/f56/1354ONE300420241828550563T.zip
MAI,SERVICE,SLM,บริษัท เอส แอล เอ็ม คอร์ปอเรชั่น จำกัด (มหาชน),มีเดียเอเจนซี่ ผลิตสื่อรายการออนไลน์และบริหารจัดการสื่อออนไลน์ ผลิตสื่อ ผลิตละครโทรทัศน์และซีรีส์,http://www.slm.co.th,https://weblink.set.or.th/dat/f56/0666ONE010420240814370164T.zip
MAI,SERVICE,SONIC,บริษัท โซนิค อินเตอร์เฟรท จำกัด (มหาชน),บริษัท โซนิค อินเตอร์เฟรท จำกัด (มหาชน) (?บริษัทฯ? หรือ ?SONIC?) ประกอบธุรกิจให้บริการจัดการระบบโลจิสติกส์ระหว่างประเทศแบบครบวงจร (International Logistics Services Provider) ให้บริการทั้งการนำเข้าและส่งออกทั้งทางทะเล และทางอากาศ ให้บริการด้านพิธีการกรมศุลกากร การขนส่งในประเทศ การขนส่งข้ามแดน (cross border) รวมถึงให้บริการศูนย์รวบรวมและกระจายสินค้า,http://www.sonic.co.th,https://weblink.set.or.th/dat/f56/1457ONE050420241146330786T.zip
MAI,SERVICE,SPA,บริษัท สยามเวลเนสกรุ๊ป จำกัด (มหาชน),"บริษัทดำเนินธุรกิจด้านสปาเพื่อสุขภาพ และธุรกิจที่เกี่ยวเนื่องกับธุรกิจสปา โดยแบ่งเป็น 4 กลุ่มธุรกิจ คือ 1.ธุรกิจสปา ภายใต้แบรนด์ ""Let's Relax""  แบรนด์ ""RarinJinda Wellness Spa"" แบรนด์ บ้านสวนมาสสาจ แบรนด์ Stretch me by Let's Relax และแบรนด์ Dr. Spiller Pure Skin Care Solutions 2.ธุรกิจโรงแรมและร้านอาหาร ในนาม ""โรงแรม ระรินจินดา เวลเนส สปา รีสอร์ท"" เป็นโรงแรมสไตล์บูติก ที่จังหวัดเชียงใหม่ และรับบริหาร ""ระริน วิลล่าส์ เชียงใหม่"" และร้านอาหารภายใต้ชื่อ ""Deck 1"" และรับบริหารร้าน ""ORB Cafe & Bar"" ที่จังหวัดเชียงใหม่และเมืองพัทยา 3.ธุรกิจการจำหน่ายผลิตภัณฑ์สปา จัดจำหน่ายผลิตภัณฑ์สปาภายใต้แบรนด์ LRL (Let's Relax Lifestyle)"" และจัดจำหน่ายผลิตภัณฑ์สปานำเข้าจากต่างประเทศ ""Dr.Spiller, Biomimetic Skin Care Solutions"" 4.กิจการโรงเรียนเกี่ยวกับการนวดแผนไทยในนาม ""โรงเรียนสอนนวดไทยและสปาสยามเวลเนส"" เพื่อให้การอบรมบริการนวดและสปาแก่พนักงานเทอราพิสต์ เพื่อรองรับการขยายธุรกิจของบริษัท",http://www.siamwellnessgroup.com,https://weblink.set.or.th/dat/f56/1221ONE250320241220020892T.zip
MAI,SERVICE,THMUI,บริษัท ไทยมุ้ย คอร์ปอเรชั่น จำกัด (มหาชน),บริษัทประกอบธุรกิจจัดจำหน่ายผลิตภัณฑ์ลวดสลิง สลิงผ้าใบ โซ่ อุปกรณ์ยกหิ้ว และอื่นๆ รวมทั้งการให้บริการเปลี่ยนลวดสลิง ทดสอบความสามารถในการรับแรงดึง ตรวจสอบเครนและลวดสลิง และการให้คำแนะนำการใช้งาน ติดตั้ง ซ่อมแซม และอบรม,http://www.thaimui.co.th,https://weblink.set.or.th/dat/f56/1394ONE010420241115080726T.zip
MAI,SERVICE,TNDT,บริษัท ไทย เอ็น ดี ที จำกัด (มหาชน),TNDT ประกอบธุรกิจวิชาชีพให้บริการทดสอบ ตรวจสอบ และรับรองผลความปลอดภัยต่อการใช้งานด้านวิศวกรรม ด้วยกระบวนการทางเทคนิคไม่ทำลาย (Non-Destructive Testing ? NDT) ซึ่งเป็นเทคนิคที่มีความพิเศษเฉพาะทาง (Professional Specialist) สามารถใช้ตรวจหาข้อมูลโครงสร้างภายในของชิ้นงานที่ไม่สามารถมองเห็นได้ด้วยตาเปล่า สัมผัส หรืออุปกรณ์อื่นใดได้โดยง่าย โดยชิ้นงานยังคงสภาพเดิมไว้ได้ทุกประการ ทั้งก่อน ขณะ หรือหลังการทดสอบ เพื่อนำข้อมูลไปใช้ตามจุดมุ่งหมายของผู้รับบริการ,http://www.tndt.co.th,https://weblink.set.or.th/dat/f56/0953ONE270320240940490097T.zip
MAI,SERVICE,TNH,บริษัท โรงพยาบาลไทยนครินทร์ จำกัด (มหาชน),"ประกอบกิจการสถานพยาบาลเอกชนภายใต้ชื่อ ""โรงพยาบาลไทยนครินทร์"" ต่อมาเปลี่ยนชื่อเป็น ""โรงพยาบาลไทยนครินทร์ โรงพยาบาลทั่วไปขนาดใหญ่"" ให้บริการรักษาพยาบาลแก่ผู้ป่วยโดยมีแพทย์ผู้เชี่ยวชาญหลากหลายสาขา พร้อมเครื่องมืออุปกรณ์ที่ทันสมัย เปิดให้บริการตลอด 24 ชั่วโมง",http://www.thainakarin.co.th,https://weblink.set.or.th/dat/f56/0883ONE241120231342470452T.zip
MAI,SERVICE,TNP,บริษัท ธนพิริยะ จำกัด (มหาชน),"TNP ประกอบธุรกิจค้าปลีกและค้าส่งสินค้าอุปโภคบริโภคที่ไม่รวมอาหารสดภายใต้ชื่อ ""ธนพิริยะ"" ปัจจุบันมีสาขารวมทั้งสิ้น 45 สาขา แบ่งออกเป็นซุปเปอร์มาร์เก็ต 44 สาขา และศูนย์ค้าส่ง 1 สาขา",http://www.thanapiriya.co.th,https://weblink.set.or.th/dat/f56/1292ONE250320241725000925T.zip
MAI,SERVICE,TPL,บริษัท ไทยพาร์เซิล จำกัด (มหาชน),ให้บริการจัดส่งสินค้าหรือสิ่งของในประเทศไทยทั้งสำหรับภาคธุรกิจและบุคคลทั่วไป รวมถึงให้บริการเก็บเงินค่าสินค้าปลายทาง,http://www.thaiparcels.com,https://weblink.set.or.th/dat/f56/1825ONE040420241041510906T.zip
MAI,SERVICE,TRP,บริษัท เอสเตติก คอนเนค จำกัด (มหาชน),"กิจการสถานพยาบาลด้านคลินิกเวชกรรมภายใต้ชื่อ ""ธีรพรคลินิก"" เพื่อให้บริการศัลยกรรมความงามบนใบหน้าแก่บุคคลทั่วไป",http://teerapornclinic.com,https://weblink.set.or.th/dat/f56/1836ONE270320241847450283T.zip
MAI,SERVICE,TURTLE,บริษัท ซุปเปอร์ เทอร์เทิล จำกัด (มหาชน),(1) ธุรกิจค้าปลีก (2) ธุรกิจให้เช่าพื้นที่ และ (3) ธุรกิจสิ่งพิมพ์,http://www.superturtle.co.th,https://weblink.set.or.th/dat/f56/1042ONE270320240918100363T.zip
MAI,SERVICE,TVDH,บริษัท ทีวีดี โฮลดิ้งส์ จำกัด (มหาชน),บริษัทฯ ประกอบธุรกิจโดยการถือหุ้นบริษัทอื่น (Holding Company) โดยธุรกิจหลักของกลุ่มบริษัท  คือ จำหน่ายสินค้าและบริการผ่านช่องทางการตลาดที่หลากหลายช่องทาง รวมทั้งผลิตรายการโทรทัศน์และรับจ้างโฆษณาทางสถานีโทรทัศน์,http://www.tvdirect.tv,https://weblink.set.or.th/dat/f56/1097ONE290320241140130973T.zip
MAI,SERVICE,TVT,บริษัท ทีวี ธันเดอร์ จำกัด (มหาชน),ผลิตรายการโทรทัศน์และรายการบันเทิง โดยแบ่งลักษณะธุรกิจเป็น 5 ประเภท ได้แก่      1) ธุรกิจโฆษณา ซึ่งเกิดจากการผลิตรายการโทรทัศน์  2) ธุรกิจให้บริการ ซึ่งเกิดจากการรับจ้างผลิตรายการ การจัดกิจกรรม และวางแผนสื่อวิดีโอออนไลน์  3) ธุรกิจบริหารศิลปิน  4) ผลิตและจำหน่ายหนังสือพ็อคเก็ตบุ๊ค ขายสื่อโฆษณา,http://www.tvthunder.co.th,https://weblink.set.or.th/dat/f56/1255ONE270320241955010921T.zip
MAI,SERVICE,UBA,บริษัท ยูทิลิตี้ บิสิเนส อัลลายแอนซ์ จำกัด (มหาชน),"ให้บริการจัดการน้ำเดินระบบและบำรุงรักษาแบบครบวงจร (Integrated Operation and Maintenance หรือ ""IOM"") พร้อมทั้งการบริการให้คำปรึกษา ออกแบบ ก่อสร้าง และติดตั้งเครื่องจักรอุปกรณ์ต่างๆตามความต้องการของลูกค้า  เพื่อสนับสนุนธุรกิจบริหารจัดการน้ำแบบครบวงจร",http://www.uba.co.th,https://weblink.set.or.th/dat/f56/1739ONE260320241725320674T.zip
MAI,SERVICE,VL,บริษัท วี.แอล.เอ็นเตอร์ไพรส์ จำกัด (มหาชน),บริษัทประกอบธุรกิจให้บริการขนส่ง ผลิตภัณฑ์ปิโตรเลียม และผลิตภัณฑ์เคมีภัณฑ์ โดยเป็นการขนส่งทางทะเล  ซึ่งสินค้าหลักแบ่งออกเป็น 5 ประเภท ได้แก่ 1.น้ำมันดิบ 2.น้ำมันเตา 3.น้ำมันใส  4.น้ำมันหล่อลื่น และ 5.น้ำมันปาล์ม,http://www.vltanker.com,https://weblink.set.or.th/dat/f56/1480ONE150320241703150279T.zip
MAI,SERVICE,YGG,บริษัท อิ๊กดราซิล กรุ๊ป จำกัด (มหาชน),ออกแบบและจัดทำคอมพิวเตอร์กราฟฟิคเกี่ยวกับงานโฆษณา ภาพยนตร์ และเกม,http://www.ygg-cg.com,https://weblink.set.or.th/dat/f56/1558ONE010420241140180635T.zip
MAI,TECH,APP,บริษัท แอพพลิแคด จำกัด (มหาชน),จัดจำหน่ายโซลูชั่นด้านการออกแบบอย่างครบวงจร ทั้งซอฟต์แวร์การออกแบบด้านอุตสาหกรรม และด้านสถาปัตยกรรมและการก่อสร้าง ตลอดจนเทคโนโลยีการพิมพ์ 3 มิติ (3D Printing) และการให้บริการต่างๆ ที่เกี่ยวเนื่อง,http://www.applicadthai.com,https://weblink.set.or.th/dat/f56/1535ONE290320241751120579T.zip
MAI,TECH,BBIK,บริษัท บลูบิค กรุ๊ป จำกัด (มหาชน),ที่ปรึกษาด้านกลุยทธ์ และการจัดการนวัตกรรมและเทคโนโลยี และธุรกิจอื่นที่เกี่ยวข้อง,https://www.bluebik.com,https://weblink.set.or.th/dat/f56/1651ONE250320241707120216T.zip
MAI,TECH,BE8,บริษัท เบริล 8 พลัส จำกัด (มหาชน),"ที่ปรึกษาด้าน Digital Transformation ให้บริการแบบครบวงจรในด้านการบริหารจัดการความสัมพันธ์กับลูกค้า (CRM) การวิเคราะห์ข้อมูลและเทคโนโลยีดิจิทัล และเป็นตัวแทนจำหน่ายซอฟต์แวร์ของบริษัทชั้นนำ เช่น Salesforce, Google, MuleSoft, และ Tableau",http://www.beryl8.com,https://weblink.set.or.th/dat/f56/1669ONE010420241916390654T.zip
MAI,TECH,BVG,บริษัท บลูเวนเจอร์ กรุ๊ป จำกัด (มหาชน),"กลุ่มบริษัทประกอบธุรกิจ 4 ธุรกิจ ได้แก่ 1) ธุรกิจให้บริการระบบแพลตฟอร์มและแอปพลิเคชัน สำหรับบริหารจัดการธุรกิจที่เกี่ยวเนื่องกับประกันภัยรถยนต์ (""ระบบ EMCS"") 2) ธุรกิจให้บริการบริหารจัดการสิทธิประโยชน์ ด้านการรักษาพยาบาลและสินไหมทดแทน รวมถึงการให้คำปรึกษาแนะนำที่เกี่ยวข้อง ผ่านแพลตฟอร์มและแอปพลิเคชัน (""บริการ TPA"")3) ธุรกิจการให้คำปรึกษาด้านคณิตศาสตร์ประกันภัย 4) ธุรกิจการให้บริการนวัตกรรมด้านเทคโนโลยีสารสนเทศ",http://www.blueventuregroup.co.th,https://weblink.set.or.th/dat/f56/1747ONE010420241030300531T.zip
MAI,TECH,COMAN,บริษัท โคแมนชี่ อินเตอร์เนชั่นแนล จำกัด (มหาชน),COMAN ประกอบธุรกิจหลักเป็นผู้พัฒนาเพื่อจำหน่ายและติดตั้งโปรแกรมสำเร็จรูปที่เป็นทรัพย์สินทางปัญญาของบริษัทฯ โดยจดทะเบียนลิขสิทธิ์โปรแกรม Comanche Hotel Software และ Data Base กับกรมทรัพย์สินทางปัญญา บริษัทฯ ให้บริการติดตั้งโปรแกรมดังกล่าวในสถานที่ประกอบการของลูกค้า จัดหลักสูตรฝึกอบรมผู้ใช้โปรแกรม และให้บริการหลังการขายโดยการให้คำปรึกษา การบริการซ่อมบำรุงต่างๆ และการบริการอื่นๆ ที่เกี่ยวข้อง ปัจจุบัน บริษัทฯ มุ่งเน้นพัฒนาโปรแกรมสำเร็จรูปที่ใช้ในอุตสาหกรรมการท่องเที่ยว ได้แก่ โปรแกรมสำเร็จรูปที่ใช้ในโรงแรมและเซอร์วิสอพาร์ทเม้นท์,http://www.comancheinternational.com,https://weblink.set.or.th/dat/f56/1340ONE250320241839500674T.zip
MAI,TECH,I2,บริษัท ไอ ทู เอ็นเตอร์ไพรซ์ จำกัด (มหาชน),"ประกอบธุรกิจบริการ System Integration (SI) แบบครบวงจร ได้แก่ ให้คำปรึกษา ออกแบบ จัดหา ติดตั้ง และจำหน่ายผลิตภัณฑ์และอุปกรณ์ที่เกี่ยวข้องกับการสื่อสาร โทรคมนาคม และระบบเทคโนโลยีสารสนเทศ เช่น Infrastructure, Network, Transformation, อินเทอร์เน็ตความเร็วสูงผ่านสัญญาณดาวเทียม และเทคโนโลยีด้านการประหยัดพลังงาน",http://www.i2enterprise.com,https://weblink.set.or.th/dat/f56/1745ONE280320241359560877T.zip
MAI,TECH,IIG,บริษัท ไอแอนด์ไอ กรุ๊ป จำกัด (มหาชน),ธุรกิจที่ปรึกษาด้านดิจิทัลและเทคโนโลยีให้แก่ภาคธุรกิจต่าง ๆ โดยสามารถแบ่งออกตามประเภทของการดำเนินธุรกิจได้ ดังนี้  1.	ธุรกิจที่ปรึกษาและให้บริการออกแบบติดตั้งระบบบริหารจัดการความสัมพันธ์กับลูกค้า (CRM) และให้เช่าใช้ระบบซอฟต์แวร์จากทาง Salesforce  2.	ธุรกิจที่ปรึกษาและให้บริการออกแบบติดตั้งระบบวางแผนทรัพยากรองค์กร (ERP) และเป็นตัวแทนจำหน่ายระบบซอฟต์แวร์จากทาง Oracle 3.	ธุรกิจที่ปรึกษาด้านการวางแผนกลยุทธ์แบรนด์ (Brand Strategy) การสร้างและบริหารประสบการณ์ (Experience Management) และการตลาดดิจิทัล (Digital Marketing) 4.	ธุรกิจให้บริการจัดหาบุคลากร ในส่วนงานสารสนเทศ 5. ธุรกิจด้านการวิเคราะห์และจัดการข้อมูลเพื่อธุรกิจ,http://www.ii.co.th,https://weblink.set.or.th/dat/f56/1579ONE270320241739570034T.zip
MAI,TECH,IRCP,บริษัท อินเตอร์เนชั่นแนล รีเสริช คอร์ปอเรชั่น จำกัด (มหาชน),ประกอบธุรกิจด้านโทรคมนาคมและเทคโนโลยีสารสนเทศครบวงจร,http://www.ircp.co.th,https://weblink.set.or.th/dat/f56/0711ONE260320241516080013T.zip
MAI,TECH,ITNS,บริษัท อินเตอร์เนชั่นแนล เน็ตเวิร์ค ซิสเต็ม จำกัด (มหาชน),ผู้ประกอบการในธุรกิจด้านเทคโนโลยีสารสนเทศและการสื่อสาร โดยเป็นผู้ออกแบบและติดตั้งระบบเครือข่ายและระบบสื่อสารอย่างครบวงจร (System Integrator) พร้อมทั้งจำหน่ายอุปกรณ์ที่ใช้ในงานเทคโนโลยีสารสนเทศ และการสื่อสาร การให้บริการซ่อมแซมและบำรุงรักษาอุปกรณ์ และการให้เช่าอุปกรณ์,https://www.itns.co.th,https://weblink.set.or.th/dat/f56/1728ONE290320241948570269T.zip
MAI,TECH,NAT,บริษัท แนท แอบโซลูท เทคโนโลยีส์ จำกัด (มหาชน),บริการให้คำปรึกษา ออกแบบ จัดหา จำหน่ายอุปกรณ์พร้อมติดตั้ง และรับเหมาวางระบบที่เกี่ยวข้องกับระบบเทคโนโลยีสารสนเทศและการสื่อสาร,https://www.natat.co.th/,https://weblink.set.or.th/dat/f56/1854ONE250320240837090449T.zip
MAI,TECH,NETBAY,บริษัท เน็ตเบย์ จำกัด (มหาชน),บริษัทประกอบธุรกิจหลักเป็นผู้คิดค้น สร้างสรรค์ และพัฒนา Digital Business Technology Platform ในการทำธุรกรรมทางอิเล็กทรอนิกส์ (Digital Business Services) และนำเสนอผลิตภัณฑ์นั้นแก่ผู้ใช้ในรูปแบบการให้บริการ (SaaS: Software as a Service) อย่างครบวงจรระหว่างภาคธุรกิจและภาครัฐ (B2G) ระหว่างภาคธุรกิจและภาคธุรกิจ (B2B) และระหว่างภาคเอกชนและประชาชนหรือผู้บริโภค (B2C),http://www.netbay.co.th,https://weblink.set.or.th/dat/f56/1324ONE010420241736290982T.zip
MAI,TECH,PLANET,บริษัท แพลนเน็ต คอมมิวนิเคชั่น เอเชีย จำกัด (มหาชน),ให้บริการด้านเทคโนโลยีสื่อสารโทรคมนาคม และดิจิตอลทีวี ครอบคลุม 3 กลุ่มผลิตภัณฑ์ ได้แก่ (1) การจำหน่ายสินค้าแบบครบวงจร (Solutions) ระบบสื่อสารโทรคมนาคมระบบแบบไร้สาย (Wireless Network) ระบบสื่อสารแบบโครงข่ายสายสัญญาณ (Wired Network) และระบบมัลติมีเดีย (Multimedia) ตลอดจนระบบถ่ายทอดสัญญาณโทรทัศน์และดิจิตอลทีวี และผลิตภัณฑ์ภายใต้ชื่อ PlanetComm (2)	การบริการ ซึ่งเป็นการให้บริการแบบครบวงจร ที่ครอบคลุม ตั้งแต่การให้คำปรึกษาถึงประเภทของเทคโนโลยีที่เหมาะสมกับความต้องการของลูกค้า ตลอดจนการออกแบบ ติดตั้ง ฝึกอบรม ตลอดจนบริการบำรุงรักษา และการซ่อมแซมระบบหรืออุปกรณ์ต่างๆ(3)	เป็นผู้ให้บริการ (Service Provider) ประกอบด้วย PlanetFiber: ให้บริการอินเตอร์เน็ตไฟเบอร์สำหรับคอนโดมิเนียม PlanetCloud: ให้บริการ ?เหมาจ่ายรายเดือน?อุปกรณ์และระบบสำนักงาน พร้อมบริการผ่าน (Cloud Office),http://www.planetcomm.com,https://weblink.set.or.th/dat/f56/1182ONE050420241758070700T.zip
MAI,TECH,PROEN,บริษัท โปรเอ็น คอร์ป จำกัด (มหาชน),1) ธุรกิจเทคโนโลยีและการสื่อสาร (Information Communication and Technolgy: ICT) และให้บริการเทคโนโลยีสารสนเทศด้านศูนย์ข้อมูล Data Center และบริการอินเทอร์เน็ต ISP และบริการคลาวด์ (Could service)2) ธุรกิจรับเหมาก่อสร้างสำหรับงานโทรคมนาคมและสาธารณูปโภคพื้นฐาน (Telecommunication and Infrastructure Service),https://www.proen.co.th/,https://weblink.set.or.th/dat/f56/1622ONE240420241241100419T.zip
MAI,TECH,READY,บริษัท เรดดี้แพลนเน็ต จำกัด (มหาชน),"ให้บริการแพลตฟอร์มการขายและการตลาดดิจิทัลแบบรวมเป็นหนึ่งเดียว (All-in-One Sales and Marketing Platofrm) ที่ครอบคลุมด้านเว็บไซต์ (Website), โฆษณาออนไลน์ (Online Advertising), ระบบบริหารความสัมพันธ์ลูกค้า (CRM) และ ระบบจองโรงแรมโดยตรง (Hotel Direct Booking) โดยให้บริการผ่านแพลตฟอร์มที่บริษัทเป็นผู้พัฒนาขึ้นเองพร้อมทีมงานผู้เชี่ยวชาญในการให้คำปรึกษา",http://www.readyplanet.com,https://weblink.set.or.th/dat/f56/1751ONE290320241721280229T.zip
MAI,TECH,SECURE,บริษัท เอ็นฟอร์ซ ซีเคียว จำกัด (มหาชน),ธุรกิจตัวแทนจำหน่ายผลิตภัณฑ์โซลูชั่นด้านการรักษาความปลอดภัยทางเทคโนโลยีไซเบอร์ (Cybersecurity) และธุรกิจให้บริการที่เกี่ยวข้องกับผลิตภัณฑ์ที่บริษัทฯ เป็นตัวแทนจำหน่าย,http://www.nforcesecure.com,https://weblink.set.or.th/dat/f56/1617ONE280320241823450251T.zip
MAI,TECH,SICT,บริษัท ซิลิคอน คราฟท์ เทคโนโลยี จำกัด (มหาชน),วิจัยและพัฒนาเพื่อออกแบบและส่งมอบวงจรรวม (Integrated Circuit Design: IC) หรือไมโครชิพ (microchip) โดยการว่าจ้างผลิตเพื่อจำหน่ายให้แก่ลูกค้าภายใต้ เครื่องหมายการค้า ?SIC?,http://www.sic.co.th,https://weblink.set.or.th/dat/f56/1524ONE220320242104360934T.zip
MAI,TECH,SIMAT,บริษัท ไซแมท เทคโนโลยี จำกัด (มหาชน),"- ให้บริการเทคโนโลยีสารสนเทศแบบครบวงจรทั้งการจำหน่ายอุปกรณ์ฮาร์ดแวร์ การพัฒนาซอฟท์แวร์ และการให้บริการบำรุงรักษาทั่วประเทศ - ให้บริการออกแบบ พัฒนา และแปรรูปสิ่งพิมพ์มีกาว สำหรับลูกค้าอุตสาหกรรมเครื่องใช้ไฟฟ้าและอิเล็กทรอนิกส์ ด้วยการจัดหาและพัฒนาวัตถุดิบ และออกแบบกระบวนการผลิตให้ผลิตภัณฑ์มีคุณสมบัติเฉพาะตรงตามความต้องการของลูกค้า - ให้บริการอินเทอร์เน็ตความเร็วสูงผ่านระบบโครงข่ายใยแก้วนำแสง (Fiber optic) ในพื้นที่จังหวัดนครราชสีมาและเชียงใหม่ ภายใต้แบรนด์ ""SINET"" - จำหน่ายอุปกรณ์คอมพิวเตอร์ เช่น คอมพิวเตอร์ตั้งโต๊ะ โน้ตบุ้ค พริ้นเตอร์ และอุปกรณ์อื่นๆ ในลักษณะขายเป็นโครงการใหญ่ ให้แก่ หน่วยงานรัฐบาล และ บริษัทเอกชนขนาดใหญ่ ในประเทศมาเลเซีย",http://www.simat.co.th,https://weblink.set.or.th/dat/f56/0965ONE280320241632160201T.zip
MAI,TECH,SPVI,บริษัท เอส พี วี ไอ จำกัด (มหาชน),บริษัทประกอบธุรกิจหลักเป็นหนึ่งในตัวแทนจำหน่าย (Reseller) ผลิตภัณฑ์ภายใต้ตราสินค้า Apple ทั้งคอมพิวเตอร์ ผลิตภัณฑ์ประเภท iOS และอุปกรณ์เสริมต่างๆ รวมทั้งเป็นตัวแทนจำหน่ายผลิตภัณฑ์ภายใต้ตราสินค้าอื่นๆ ที่สามารถนำมาใช้กับผลิตภัณฑ์ Apple เป็นหลัก เพื่อที่จะรองรับความต้องการของลูกค้าได้ครบวงจร นอกจากนี้ บริษัทยังได้ขยายธุรกิจการบริการให้แก่ลูกค้า โดยมีศูนย์บริการสำหรับสินค้าภายใต้ตราผลิตภัณฑ์ Apple ในนาม iCenter,http://www.spvi.co.th,https://weblink.set.or.th/dat/f56/1165ONE130320240710440765T.zip
MAI,TECH,SRS,บริษัท สิริซอฟต์ จำกัด (มหาชน),ให้คำปรึกษาและพัฒนาเทคโนโลยีสารสนเทศให้กับองค์กร,https://www.sirisoft.co.th/,https://weblink.set.or.th/dat/f56/1837ONE270320241126430281T.zip
MAI,TECH,TBN,บริษัท ทีบีเอ็น คอร์ปอเรชั่น จำกัด (มหาชน),บริษัทฯ ให้บริการออกแบบและพัฒนาระบบดิจิทัลแบบครบวงจร เป็นผู้ให้คำปรึกษาด้านดิจิทัลทรานส์ฟอร์เมชันและพัฒนาโซลูชันตามความต้องการของลูกค้า บริษัทฯ เป็นตัวแทนจำหน่ายลิขสิทธิ์ซอฟต์แวร์ MENDIX รายแรกในประเทศไทย โดยปัจจุบันมีเพียงรายเดียว ซึ่งเป็นซอฟต์แวร์ Low-code Development Platform ที่ช่วยให้การพัฒนาแอปพลิเคชัน เว็ปไซต์ หรืองานดิจิทัลโซลูชันสามารถทำได้ง่ายและรวดเร็ว,http://www.tbn.co.th,https://weblink.set.or.th/dat/f56/1759ONE010420240934290836T.zip
MAI,TECH,TERA,บริษัท เทอร์ราไบท์ พลัส จำกัด (มหาชน),จัดจำหน่ายอุปกรณ์ด้านไอที และให้บริการระบบโครงสร้างพื้นฐานด้านเทคโนโลยีสารสนเทศแบบครบวงจร,https://www.terabyteplus.com,
MAI,TECH,TPS,บริษัท เดอะแพรคทิเคิลโซลูชั่น จำกัด (มหาชน),เป็นผู้ให้คำปรึกษา ออกแบบ จัดหา ติดตั้ง และจำหน่ายผลิตภัณฑ์และอุปกรณ์ที่เกี่ยวข้องกับระบบเทคโนโลยีสารสนเทศ ( Information Technology Solutions Provider : ITP ),https://www.thepractical.co.th,https://weblink.set.or.th/dat/f56/1532ONE210320241401580872T.zip
MAI,TECH,VCOM,บริษัท วินท์คอม เทคโนโลยี จำกัด (มหาชน),VCOM ประกอบธุรกิจเป็นตัวแทนจำหน่ายผลิตภัณฑ์ระบบเทคโนโลยีสารสนเทศ (IT Distributor) และให้บริการด้านเทคโนโลยีสารสนเทศที่เกี่ยวเนื่องกับผลิตภัณฑ์ที่บริษัทเป็นตัวแทนจำหน่าย โดยมีบริษัทย่อย 4 บริษัท ได้แก่ 1) บริษัท วีเซิร์ฟพลัส จำกัด ประกอบธุรกิจให้บริการด้านเทคโนโลยีสารสนเทศและการให้บริการหลังการขาย 2) บริษัท วินท์คอม เทคโนโลยี (เมียนมาร์) จำกัด ประกอบธุรกิจให้คำปรึกษา ให้บริการติดตั้ง และซ่อมบำรุงเกี่ยวกับระบบคอมพิวเตอร์ โดยเน้นการให้บริการสำหรับผลิตภัณฑ์ที่บริษัทได้รับการแต่งตั้งให้เป็นตัวแทนจำหน่ายในเมียนมาร์ 3) บริษัท วินท์คอม เทคโนโลยี (เอสจี) จำกัด จดทะเบียนจัดตั้งในประเทศสาธารณรัฐสิงคโปร์ ประกอบธุรกิจเป็นตัวแทนจำหน่ายผลิตภัณฑ์ระบบเทคโนโลยีสารสนเทศ 4) บริษัท ไอ-ซีเคียว จำกัด ประกอบธุรกิจธุรกิจการดำเนินการเฝ้าระวังระบบรักษาความปลอดภัยทางคอมพิวเตอร์และระบบเครือข่าย หรือบริการ MSSP (Managed Security Service Provider),http://www.vintcom.co.th,https://weblink.set.or.th/dat/f56/1402ONE170520241617280334T.zip
